ltf,order,closed,slow_ema,expected_profit,actual_profit,price,ask,name,symbol,htf,volume,deal,lcc,hcc,fast_ema,win,date,bid
TIMEFRAME_M1,886230009,False,20,0,0,6262.478,6262.652,Chaos,Volatility 10 Index,TIMEFRAME_M2,0.5,154685316,100,100,8,False,2024-05-01 00:00:00.000000,6262.478
TIMEFRAME_M1,818800346,False,20,0,0,1530.17,1530.17,Chaos,Volatility 100 Index,TIMEFRAME_M2,0.5,199322348,100,100,8,False,2024-05-01 00:00:00.000000,1529.72
TIMEFRAME_M1,824117887,False,20,0,0,213106.78,213158.32,Chaos,Volatility 75 Index,TIMEFRAME_M2,0.001,152577421,100,100,8,False,2024-05-01 00:00:00.000000,213106.78
TIMEFRAME_M1,840615159,False,20,0,0,2223.172,2223.324,Chaos,Volatility 25 Index,TIMEFRAME_M2,0.5,148894471,100,100,8,False,2024-05-01 00:00:00.000000,2223.172
TIMEFRAME_M1,832006417,False,20,0,0,2223.611,2223.611,Chaos,Volatility 25 Index,TIMEFRAME_M2,0.5,157549838,100,100,8,False,2024-05-01 01:00:00.000000,2223.459
TIMEFRAME_M1,891580450,False,20,0,0,213252.53,213252.53,Chaos,Volatility 75 Index,TIMEFRAME_M2,0.001,189233562,100,100,8,False,2024-05-01 01:00:00.000000,213200.99
TIMEFRAME_M1,883226922,False,20,0,0,6274.875,6274.875,Chaos,Volatility 10 Index,TIMEFRAME_M2,0.5,116228913,100,100,8,False,2024-05-01 01:00:00.000000,6274.701
TIMEFRAME_M1,825733295,False,20,0,0,1554.22,1554.67,Chaos,Volatility 100 Index,TIMEFRAME_M2,0.5,133076187,100,100,8,False,2024-05-01 01:00:00.000000,1554.22
TIMEFRAME_M1,835959975,False,20,0,0,6274.875,6274.875,Chaos,Volatility 10 Index,TIMEFRAME_M2,0.5,151843042,100,100,8,False,2024-05-01 01:00:00.000000,6274.701
TIMEFRAME_M1,899397720,False,20,0,0,213252.53,213252.53,Chaos,Volatility 75 Index,TIMEFRAME_M2,0.001,159466123,100,100,8,False,2024-05-01 02:00:00.000000,213200.99
TIMEFRAME_M1,832460780,False,20,0,0,1530.07,1530.52,Chaos,Volatility 100 Index,TIMEFRAME_M2,0.5,195240829,100,100,8,False,2024-05-01 02:00:00.000000,1530.07
TIMEFRAME_M1,848797971,False,20,0,0,2211.584,2211.736,Chaos,Volatility 25 Index,TIMEFRAME_M2,0.5,181896201,100,100,8,False,2024-05-01 02:00:00.000000,2211.584
TIMEFRAME_M1,812724764,False,20,0,0,2211.584,2211.736,Chaos,Volatility 25 Index,TIMEFRAME_M2,0.5,144941102,100,100,8,False,2024-05-01 02:00:00.000000,2211.584
TIMEFRAME_M1,879484673,False,20,0,0,1530.07,1530.52,Chaos,Volatility 100 Index,TIMEFRAME_M2,0.5,143691551,100,100,8,False,2024-05-01 02:00:00.000000,1530.07
TIMEFRAME_M1,847437487,False,20,0,0,214422.41,214422.41,Chaos,Volatility 75 Index,TIMEFRAME_M2,0.001,154231964,100,100,8,False,2024-05-01 02:00:00.000000,214370.87
TIMEFRAME_M1,854944510,False,20,0,0,6275.654,6275.654,Chaos,Volatility 10 Index,TIMEFRAME_M2,0.5,197148138,100,100,8,False,2024-05-01 02:00:00.000000,6275.48
TIMEFRAME_M1,802229749,False,20,0,0,1530.07,1530.52,Chaos,Volatility 100 Index,TIMEFRAME_M2,0.5,195123454,100,100,8,False,2024-05-01 02:00:00.000000,1530.07
TIMEFRAME_M1,804734589,False,20,0,0,214370.87,214422.41,Chaos,Volatility 75 Index,TIMEFRAME_M2,0.001,136559114,100,100,8,False,2024-05-01 02:00:00.000000,214370.87
TIMEFRAME_M1,847797400,False,20,0,0,6275.48,6275.654,Chaos,Volatility 10 Index,TIMEFRAME_M2,0.5,104268697,100,100,8,False,2024-05-01 02:00:00.000000,6275.48
TIMEFRAME_M1,826672754,False,20,0,0,2211.584,2211.736,Chaos,Volatility 25 Index,TIMEFRAME_M2,0.5,188862104,100,100,8,False,2024-05-01 03:00:00.000000,2211.584
TIMEFRAME_M1,815774872,False,20,0,0,6266.085,6266.259,Chaos,Volatility 10 Index,TIMEFRAME_M2,0.5,191523865,100,100,8,False,2024-05-01 03:00:00.000000,6266.085
TIMEFRAME_M1,879681465,False,20,0,0,1541.23,1541.23,Chaos,Volatility 100 Index,TIMEFRAME_M2,0.5,134497288,100,100,8,False,2024-05-01 03:00:00.000000,1540.78
TIMEFRAME_M1,842067711,False,20,0,0,2211.905,2212.057,Chaos,Volatility 25 Index,TIMEFRAME_M2,0.5,137841048,100,100,8,False,2024-05-01 03:00:00.000000,2211.905
TIMEFRAME_M1,815928725,False,20,0,0,214248.02,214248.02,Chaos,Volatility 75 Index,TIMEFRAME_M2,0.001,159027141,100,100,8,False,2024-05-01 03:00:00.000000,214196.48
TIMEFRAME_M1,815607591,False,20,0,0,6266.259,6266.259,Chaos,Volatility 10 Index,TIMEFRAME_M2,0.5,185885364,100,100,8,False,2024-05-01 03:00:00.000000,6266.085
TIMEFRAME_M1,878715323,False,20,0,0,214196.48,214248.02,Chaos,Volatility 75 Index,TIMEFRAME_M2,0.001,156743080,100,100,8,False,2024-05-01 03:00:00.000000,214196.48
TIMEFRAME_M1,831823605,False,20,0,0,2212.057,2212.057,Chaos,Volatility 25 Index,TIMEFRAME_M2,0.5,106731482,100,100,8,False,2024-05-01 03:00:00.000000,2211.905
TIMEFRAME_M1,893884954,False,20,0,0,1540.78,1541.23,Chaos,Volatility 100 Index,TIMEFRAME_M2,0.5,188457468,100,100,8,False,2024-05-01 04:00:00.000000,1540.78
TIMEFRAME_M1,800910450,False,20,0,0,214342.15,214393.69,Chaos,Volatility 75 Index,TIMEFRAME_M2,0.001,112282997,100,100,8,False,2024-05-01 04:00:00.000000,214342.15
TIMEFRAME_M1,852023795,False,20,0,0,1532.57,1532.57,Chaos,Volatility 100 Index,TIMEFRAME_M2,0.5,140708487,100,100,8,False,2024-05-01 04:00:00.000000,1532.12
TIMEFRAME_M1,897907042,False,20,0,0,6258.229,6258.229,Chaos,Volatility 10 Index,TIMEFRAME_M2,0.5,176183081,100,100,8,False,2024-05-01 04:00:00.000000,6258.055
TIMEFRAME_M1,866519633,False,20,0,0,2204.2,2204.2,Chaos,Volatility 25 Index,TIMEFRAME_M2,0.5,104910229,100,100,8,False,2024-05-01 04:00:00.000000,2204.048
TIMEFRAME_M1,884427519,False,20,0,0,2199.649,2199.649,Chaos,Volatility 25 Index,TIMEFRAME_M2,0.5,153500677,100,100,8,False,2024-05-01 05:00:00.000000,2199.497
TIMEFRAME_M1,853093161,False,20,0,0,1533.0,1533.0,Chaos,Volatility 100 Index,TIMEFRAME_M2,0.5,172785584,100,100,8,False,2024-05-01 05:00:00.000000,1532.55
TIMEFRAME_M1,837875222,False,20,0,0,6264.137,6264.311,Chaos,Volatility 10 Index,TIMEFRAME_M2,0.5,103264472,100,100,8,False,2024-05-01 05:00:00.000000,6264.137
TIMEFRAME_M1,839418936,False,20,0,0,214182.95,214234.49,Chaos,Volatility 75 Index,TIMEFRAME_M2,0.001,132844149,100,100,8,False,2024-05-01 05:00:00.000000,214182.95
TIMEFRAME_M1,866966782,False,20,0,0,2199.649,2199.649,Chaos,Volatility 25 Index,TIMEFRAME_M2,0.5,105931959,100,100,8,False,2024-05-01 06:00:00.000000,2199.497
TIMEFRAME_M1,824546643,False,20,0,0,6260.308,6260.308,Chaos,Volatility 10 Index,TIMEFRAME_M2,0.5,111703394,100,100,8,False,2024-05-01 06:00:00.000000,6260.134
TIMEFRAME_M1,820832123,False,20,0,0,212968.89,213020.43,Chaos,Volatility 75 Index,TIMEFRAME_M2,0.001,139116290,100,100,8,False,2024-05-01 06:00:00.000000,212968.89
TIMEFRAME_M1,862821647,False,20,0,0,1551.45,1551.9,Chaos,Volatility 100 Index,TIMEFRAME_M2,0.5,191941564,100,100,8,False,2024-05-01 06:00:00.000000,1551.45
TIMEFRAME_M1,848080053,False,20,0,0,2197.204,2197.204,Chaos,Volatility 25 Index,TIMEFRAME_M2,0.5,116849443,100,100,8,False,2024-05-01 07:00:00.000000,2197.052
TIMEFRAME_M1,855583070,False,20,0,0,1551.45,1551.9,Chaos,Volatility 100 Index,TIMEFRAME_M2,0.5,190631650,100,100,8,False,2024-05-01 07:00:00.000000,1551.45
TIMEFRAME_M1,883520444,False,20,0,0,214162.55,214214.09,Chaos,Volatility 75 Index,TIMEFRAME_M2,0.001,196959652,100,100,8,False,2024-05-01 07:00:00.000000,214162.55
TIMEFRAME_M1,804627400,False,20,0,0,6259.619,6259.793,Chaos,Volatility 10 Index,TIMEFRAME_M2,0.5,153586985,100,100,8,False,2024-05-01 07:00:00.000000,6259.619
TIMEFRAME_M1,814245907,False,20,0,0,6259.793,6259.793,Chaos,Volatility 10 Index,TIMEFRAME_M2,0.5,129740397,100,100,8,False,2024-05-01 08:00:00.000000,6259.619
TIMEFRAME_M1,822781904,False,20,0,0,1551.23,1551.23,Chaos,Volatility 100 Index,TIMEFRAME_M2,0.5,192151339,100,100,8,False,2024-05-01 08:00:00.000000,1550.78
TIMEFRAME_M1,874004780,False,20,0,0,2195.304,2195.456,Chaos,Volatility 25 Index,TIMEFRAME_M2,0.5,170751978,100,100,8,False,2024-05-01 08:00:00.000000,2195.304
TIMEFRAME_M1,895798958,False,20,0,0,213829.91,213829.91,Chaos,Volatility 75 Index,TIMEFRAME_M2,0.001,157855134,100,100,8,False,2024-05-01 08:00:00.000000,213778.37
TIMEFRAME_M1,875931816,False,20,0,0,213778.37,213829.91,Chaos,Volatility 75 Index,TIMEFRAME_M2,0.001,117742584,100,100,8,False,2024-05-01 09:00:00.000000,213778.37
TIMEFRAME_M1,837004097,False,20,0,0,6264.526,6264.7,Chaos,Volatility 10 Index,TIMEFRAME_M2,0.5,143825092,100,100,8,False,2024-05-01 09:00:00.000000,6264.526
TIMEFRAME_M1,817943945,False,20,0,0,2197.637,2197.637,Chaos,Volatility 25 Index,TIMEFRAME_M2,0.5,177508656,100,100,8,False,2024-05-01 09:00:00.000000,2197.485
TIMEFRAME_M1,877548537,False,20,0,0,1556.55,1556.55,Chaos,Volatility 100 Index,TIMEFRAME_M2,0.5,182929760,100,100,8,False,2024-05-01 09:00:00.000000,1556.1
TIMEFRAME_M1,829493020,False,20,0,0,6264.3,6264.3,Chaos,Volatility 10 Index,TIMEFRAME_M2,0.5,148331296,100,100,8,False,2024-05-01 09:00:00.000000,6264.126
TIMEFRAME_M1,810940641,False,20,0,0,1556.1,1556.55,Chaos,Volatility 100 Index,TIMEFRAME_M2,0.5,116158522,100,100,8,False,2024-05-01 09:00:00.000000,1556.1
TIMEFRAME_M1,833601811,False,20,0,0,2197.485,2197.637,Chaos,Volatility 25 Index,TIMEFRAME_M2,0.5,182187936,100,100,8,False,2024-05-01 10:00:00.000000,2197.485
TIMEFRAME_M1,834194989,False,20,0,0,210894.16,210894.16,Chaos,Volatility 75 Index,TIMEFRAME_M2,0.001,167549556,100,100,8,False,2024-05-01 10:00:00.000000,210842.62
TIMEFRAME_M1,873145527,False,20,0,0,1548.61,1548.61,Chaos,Volatility 100 Index,TIMEFRAME_M2,0.5,165069584,100,100,8,False,2024-05-01 10:00:00.000000,1548.16
TIMEFRAME_M1,877200295,False,20,0,0,2186.012,2186.164,Chaos,Volatility 25 Index,TIMEFRAME_M2,0.5,136606585,100,100,8,False,2024-05-01 10:00:00.000000,2186.012
TIMEFRAME_M1,860081944,False,20,0,0,6265.107,6265.107,Chaos,Volatility 10 Index,TIMEFRAME_M2,0.5,163182382,100,100,8,False,2024-05-01 10:00:00.000000,6264.933
TIMEFRAME_M1,825264955,False,20,0,0,210842.62,210894.16,Chaos,Volatility 75 Index,TIMEFRAME_M2,0.001,193138027,100,100,8,False,2024-05-01 10:00:00.000000,210842.62
TIMEFRAME_M1,820706991,False,20,0,0,210894.16,210894.16,Chaos,Volatility 75 Index,TIMEFRAME_M2,0.001,151219573,100,100,8,False,2024-05-01 11:00:00.000000,210842.62
TIMEFRAME_M1,876503235,False,20,0,0,2186.012,2186.164,Chaos,Volatility 25 Index,TIMEFRAME_M2,0.5,172063067,100,100,8,False,2024-05-01 11:00:00.000000,2186.012
TIMEFRAME_M1,833718813,False,20,0,0,6261.79,6261.79,Chaos,Volatility 10 Index,TIMEFRAME_M2,0.5,173435482,100,100,8,False,2024-05-01 11:00:00.000000,6261.616
TIMEFRAME_M1,895776702,False,20,0,0,1571.51,1571.51,Chaos,Volatility 100 Index,TIMEFRAME_M2,0.5,196404389,100,100,8,False,2024-05-01 11:00:00.000000,1571.06
TIMEFRAME_M1,885421811,False,20,0,0,1571.06,1571.51,Chaos,Volatility 100 Index,TIMEFRAME_M2,0.5,123117071,100,100,8,False,2024-05-01 11:00:00.000000,1571.06
TIMEFRAME_M1,864482696,False,20,0,0,2182.459,2182.459,Chaos,Volatility 25 Index,TIMEFRAME_M2,0.5,175066340,100,100,8,False,2024-05-01 12:00:00.000000,2182.307
TIMEFRAME_M1,841281606,False,20,0,0,6261.79,6261.79,Chaos,Volatility 10 Index,TIMEFRAME_M2,0.5,133251524,100,100,8,False,2024-05-01 12:00:00.000000,6261.616
TIMEFRAME_M1,876482228,False,20,0,0,211308.28,211308.28,Chaos,Volatility 75 Index,TIMEFRAME_M2,0.001,145169261,100,100,8,False,2024-05-01 12:00:00.000000,211256.74
TIMEFRAME_M1,825865721,False,20,0,0,6262.48,6262.48,Chaos,Volatility 10 Index,TIMEFRAME_M2,0.5,157705520,100,100,8,False,2024-05-01 12:00:00.000000,6262.306
TIMEFRAME_M1,816737054,False,20,0,0,1551.57,1551.57,Chaos,Volatility 100 Index,TIMEFRAME_M2,0.5,139140641,100,100,8,False,2024-05-01 12:00:00.000000,1551.12
TIMEFRAME_M1,834956670,False,20,0,0,211308.28,211308.28,Chaos,Volatility 75 Index,TIMEFRAME_M2,0.001,171775221,100,100,8,False,2024-05-01 12:00:00.000000,211256.74
TIMEFRAME_M1,825625533,False,20,0,0,2184.36,2184.36,Chaos,Volatility 25 Index,TIMEFRAME_M2,0.5,129122029,100,100,8,False,2024-05-01 12:00:00.000000,2184.208
TIMEFRAME_M1,803161306,False,20,0,0,6262.48,6262.48,Chaos,Volatility 10 Index,TIMEFRAME_M2,0.5,117287266,100,100,8,False,2024-05-01 13:00:00.000000,6262.306
TIMEFRAME_M1,884648919,False,20,0,0,211308.28,211308.28,Chaos,Volatility 75 Index,TIMEFRAME_M2,0.001,114251981,100,100,8,False,2024-05-01 13:00:00.000000,211256.74
TIMEFRAME_M1,819139407,False,20,0,0,2174.936,2175.088,Chaos,Volatility 25 Index,TIMEFRAME_M2,0.5,176730700,100,100,8,False,2024-05-01 13:00:00.000000,2174.936
TIMEFRAME_M1,865925662,False,20,0,0,1565.71,1565.71,Chaos,Volatility 100 Index,TIMEFRAME_M2,0.5,189236759,100,100,8,False,2024-05-01 13:00:00.000000,1565.26
TIMEFRAME_M1,892269334,False,20,0,0,6261.755,6261.929,Chaos,Volatility 10 Index,TIMEFRAME_M2,0.5,159455069,100,100,8,False,2024-05-01 14:00:00.000000,6261.755
TIMEFRAME_M1,869566314,False,20,0,0,211384.64,211384.64,Chaos,Volatility 75 Index,TIMEFRAME_M2,0.001,100012743,100,100,8,False,2024-05-01 14:00:00.000000,211333.1
TIMEFRAME_M1,818203027,False,20,0,0,1578.53,1578.53,Chaos,Volatility 100 Index,TIMEFRAME_M2,0.5,107251637,100,100,8,False,2024-05-01 14:00:00.000000,1578.08
TIMEFRAME_M1,837358875,False,20,0,0,2179.785,2179.785,Chaos,Volatility 25 Index,TIMEFRAME_M2,0.5,157476716,100,100,8,False,2024-05-01 14:00:00.000000,2179.633
TIMEFRAME_M1,873297859,False,20,0,0,2179.633,2179.785,Chaos,Volatility 25 Index,TIMEFRAME_M2,0.5,199717246,100,100,8,False,2024-05-01 14:00:00.000000,2179.633
TIMEFRAME_M1,839197865,False,20,0,0,6258.072,6258.246,Chaos,Volatility 10 Index,TIMEFRAME_M2,0.5,118765057,100,100,8,False,2024-05-01 15:00:00.000000,6258.072
TIMEFRAME_M1,853682529,False,20,0,0,209416.76,209468.3,Chaos,Volatility 75 Index,TIMEFRAME_M2,0.001,134161139,100,100,8,False,2024-05-01 15:00:00.000000,209416.76
TIMEFRAME_M1,804309542,False,20,0,0,1598.29,1598.74,Chaos,Volatility 100 Index,TIMEFRAME_M2,0.5,198392205,100,100,8,False,2024-05-01 15:00:00.000000,1598.29
TIMEFRAME_M1,842539853,False,20,0,0,2174.784,2174.784,Chaos,Volatility 25 Index,TIMEFRAME_M2,0.5,164349594,100,100,8,False,2024-05-01 15:00:00.000000,2174.632
TIMEFRAME_M1,866523974,False,20,0,0,1598.74,1598.74,Chaos,Volatility 100 Index,TIMEFRAME_M2,0.5,111946513,100,100,8,False,2024-05-01 15:00:00.000000,1598.29
TIMEFRAME_M1,865058306,False,20,0,0,209416.76,209468.3,Chaos,Volatility 75 Index,TIMEFRAME_M2,0.001,119102412,100,100,8,False,2024-05-01 15:00:00.000000,209416.76
TIMEFRAME_M1,851545021,False,20,0,0,6254.581,6254.581,Chaos,Volatility 10 Index,TIMEFRAME_M2,0.5,140990609,100,100,8,False,2024-05-01 15:00:00.000000,6254.407
TIMEFRAME_M1,800285874,False,20,0,0,6254.407,6254.581,Chaos,Volatility 10 Index,TIMEFRAME_M2,0.5,160083401,100,100,8,False,2024-05-01 15:00:00.000000,6254.407
TIMEFRAME_M1,805392867,False,20,0,0,209468.3,209468.3,Chaos,Volatility 75 Index,TIMEFRAME_M2,0.001,154094537,100,100,8,False,2024-05-01 16:00:00.000000,209416.76
TIMEFRAME_M1,818229286,False,20,0,0,1598.29,1598.74,Chaos,Volatility 100 Index,TIMEFRAME_M2,0.5,186456339,100,100,8,False,2024-05-01 16:00:00.000000,1598.29
TIMEFRAME_M1,837917107,False,20,0,0,2175.149,2175.301,Chaos,Volatility 25 Index,TIMEFRAME_M2,0.5,109315421,100,100,8,False,2024-05-01 16:00:00.000000,2175.149
TIMEFRAME_M1,897017708,False,20,0,0,209039.43,209090.97,Chaos,Volatility 75 Index,TIMEFRAME_M2,0.001,167381126,100,100,8,False,2024-05-01 16:00:00.000000,209039.43
TIMEFRAME_M1,801780706,False,20,0,0,2175.149,2175.301,Chaos,Volatility 25 Index,TIMEFRAME_M2,0.5,187087789,100,100,8,False,2024-05-01 16:00:00.000000,2175.149
TIMEFRAME_M1,823844234,False,20,0,0,1630.55,1630.55,Chaos,Volatility 100 Index,TIMEFRAME_M2,0.5,165816278,100,100,8,False,2024-05-01 16:00:00.000000,1630.1
TIMEFRAME_M1,816713934,False,20,0,0,6256.754,6256.754,Chaos,Volatility 10 Index,TIMEFRAME_M2,0.5,102945279,100,100,8,False,2024-05-01 16:00:00.000000,6256.58
TIMEFRAME_M1,803560402,False,20,0,0,1630.55,1630.55,Chaos,Volatility 100 Index,TIMEFRAME_M2,0.5,179121491,100,100,8,False,2024-05-01 16:00:00.000000,1630.1
TIMEFRAME_M1,892787673,False,20,0,0,209039.43,209090.97,Chaos,Volatility 75 Index,TIMEFRAME_M2,0.001,157779224,100,100,8,False,2024-05-01 16:00:00.000000,209039.43
TIMEFRAME_M1,869645943,False,20,0,0,2175.301,2175.301,Chaos,Volatility 25 Index,TIMEFRAME_M2,0.5,123022389,100,100,8,False,2024-05-01 16:00:00.000000,2175.149
TIMEFRAME_M1,862476644,False,20,0,0,6256.754,6256.754,Chaos,Volatility 10 Index,TIMEFRAME_M2,0.5,138416328,100,100,8,False,2024-05-01 17:00:00.000000,6256.58
TIMEFRAME_M1,896597218,False,20,0,0,211372.18,211423.72,Chaos,Volatility 75 Index,TIMEFRAME_M2,0.001,119778573,100,100,8,False,2024-05-01 17:00:00.000000,211372.18
TIMEFRAME_M1,894618868,False,20,0,0,1632.52,1632.52,Chaos,Volatility 100 Index,TIMEFRAME_M2,0.5,100314831,100,100,8,False,2024-05-01 17:00:00.000000,1632.07
TIMEFRAME_M1,850203651,False,20,0,0,6260.235,6260.409,Chaos,Volatility 10 Index,TIMEFRAME_M2,0.5,193120879,100,100,8,False,2024-05-01 17:00:00.000000,6260.235
TIMEFRAME_M1,834269318,False,20,0,0,2177.192,2177.192,Chaos,Volatility 25 Index,TIMEFRAME_M2,0.5,158205709,100,100,8,False,2024-05-01 17:00:00.000000,2177.04
TIMEFRAME_M1,843567767,False,20,0,0,2177.04,2177.192,Chaos,Volatility 25 Index,TIMEFRAME_M2,0.5,181093259,100,100,8,False,2024-05-01 17:00:00.000000,2177.04
TIMEFRAME_M1,866856991,False,20,0,0,6260.409,6260.409,Chaos,Volatility 10 Index,TIMEFRAME_M2,0.5,110226922,100,100,8,False,2024-05-01 17:00:00.000000,6260.235
TIMEFRAME_M1,810571750,False,20,0,0,1632.07,1632.52,Chaos,Volatility 100 Index,TIMEFRAME_M2,0.5,189407662,100,100,8,False,2024-05-01 17:00:00.000000,1632.07
TIMEFRAME_M1,801110858,False,20,0,0,211423.72,211423.72,Chaos,Volatility 75 Index,TIMEFRAME_M2,0.001,174796512,100,100,8,False,2024-05-01 18:00:00.000000,211372.18
TIMEFRAME_M1,855097767,False,20,0,0,209131.24,209131.24,Chaos,Volatility 75 Index,TIMEFRAME_M2,0.001,158553193,100,100,8,False,2024-05-01 18:00:00.000000,209079.7
TIMEFRAME_M1,890350910,False,20,0,0,6260.906,6260.906,Chaos,Volatility 10 Index,TIMEFRAME_M2,0.5,115167157,100,100,8,False,2024-05-01 18:00:00.000000,6260.732
TIMEFRAME_M1,829477511,False,20,0,0,2178.37,2178.522,Chaos,Volatility 25 Index,TIMEFRAME_M2,0.5,181545172,100,100,8,False,2024-05-01 18:00:00.000000,2178.37
TIMEFRAME_M1,845660659,False,20,0,0,1628.0,1628.45,Chaos,Volatility 100 Index,TIMEFRAME_M2,0.5,131417310,100,100,8,False,2024-05-01 18:00:00.000000,1628.0
TIMEFRAME_M1,881208716,False,20,0,0,1628.0,1628.45,Chaos,Volatility 100 Index,TIMEFRAME_M2,0.5,193483996,100,100,8,False,2024-05-01 18:00:00.000000,1628.0
TIMEFRAME_M1,888026508,False,20,0,0,6260.732,6260.906,Chaos,Volatility 10 Index,TIMEFRAME_M2,0.5,155590401,100,100,8,False,2024-05-01 18:00:00.000000,6260.732
TIMEFRAME_M1,884486895,False,20,0,0,2178.522,2178.522,Chaos,Volatility 25 Index,TIMEFRAME_M2,0.5,104320247,100,100,8,False,2024-05-01 18:00:00.000000,2178.37
TIMEFRAME_M1,831110890,False,20,0,0,209079.7,209131.24,Chaos,Volatility 75 Index,TIMEFRAME_M2,0.001,110727148,100,100,8,False,2024-05-01 19:00:00.000000,209079.7
TIMEFRAME_M1,823186284,False,20,0,0,208042.57,208042.57,Chaos,Volatility 75 Index,TIMEFRAME_M2,0.001,192488546,100,100,8,False,2024-05-01 19:00:00.000000,207991.03
TIMEFRAME_M1,884894496,False,20,0,0,1673.81,1673.81,Chaos,Volatility 100 Index,TIMEFRAME_M2,0.5,172590967,100,100,8,False,2024-05-01 19:00:00.000000,1673.36
TIMEFRAME_M1,847672522,False,20,0,0,6254.249,6254.249,Chaos,Volatility 10 Index,TIMEFRAME_M2,0.5,196116972,100,100,8,False,2024-05-01 19:00:00.000000,6254.075
TIMEFRAME_M1,847557012,False,20,0,0,2182.508,2182.66,Chaos,Volatility 25 Index,TIMEFRAME_M2,0.5,147601202,100,100,8,False,2024-05-01 19:00:00.000000,2182.508
TIMEFRAME_M1,861734192,False,20,0,0,6254.249,6254.249,Chaos,Volatility 10 Index,TIMEFRAME_M2,0.5,178672626,100,100,8,False,2024-05-01 19:00:00.000000,6254.075
TIMEFRAME_M1,879960485,False,20,0,0,207991.03,208042.57,Chaos,Volatility 75 Index,TIMEFRAME_M2,0.001,127205999,100,100,8,False,2024-05-01 19:00:00.000000,207991.03
TIMEFRAME_M1,829239662,False,20,0,0,2182.66,2182.66,Chaos,Volatility 25 Index,TIMEFRAME_M2,0.5,149515483,100,100,8,False,2024-05-01 20:00:00.000000,2182.508
TIMEFRAME_M1,858931495,False,20,0,0,1655.68,1656.13,Chaos,Volatility 100 Index,TIMEFRAME_M2,0.5,195236511,100,100,8,False,2024-05-01 20:00:00.000000,1655.68
TIMEFRAME_M1,806336879,False,20,0,0,1656.13,1656.13,Chaos,Volatility 100 Index,TIMEFRAME_M2,0.5,103789705,100,100,8,False,2024-05-01 20:00:00.000000,1655.68
TIMEFRAME_M1,873026231,False,20,0,0,208629.83,208681.37,Chaos,Volatility 75 Index,TIMEFRAME_M2,0.001,142036712,100,100,8,False,2024-05-01 20:00:00.000000,208629.83
TIMEFRAME_M1,865122610,False,20,0,0,2185.439,2185.591,Chaos,Volatility 25 Index,TIMEFRAME_M2,0.5,127648763,100,100,8,False,2024-05-01 20:00:00.000000,2185.439
TIMEFRAME_M1,899476905,False,20,0,0,6254.646,6254.646,Chaos,Volatility 10 Index,TIMEFRAME_M2,0.5,137426042,100,100,8,False,2024-05-01 20:00:00.000000,6254.472
TIMEFRAME_M1,813540562,False,20,0,0,2185.439,2185.591,Chaos,Volatility 25 Index,TIMEFRAME_M2,0.5,182228280,100,100,8,False,2024-05-01 20:00:00.000000,2185.439
TIMEFRAME_M1,876405434,False,20,0,0,208681.37,208681.37,Chaos,Volatility 75 Index,TIMEFRAME_M2,0.001,119673020,100,100,8,False,2024-05-01 20:00:00.000000,208629.83
TIMEFRAME_M1,887426160,False,20,0,0,1656.13,1656.13,Chaos,Volatility 100 Index,TIMEFRAME_M2,0.5,190657483,100,100,8,False,2024-05-01 21:00:00.000000,1655.68
TIMEFRAME_M1,856472276,False,20,0,0,6254.472,6254.646,Chaos,Volatility 10 Index,TIMEFRAME_M2,0.5,187107012,100,100,8,False,2024-05-01 21:00:00.000000,6254.472
TIMEFRAME_M1,814753722,False,20,0,0,2185.537,2185.689,Chaos,Volatility 25 Index,TIMEFRAME_M2,0.5,187932097,100,100,8,False,2024-05-01 21:00:00.000000,2185.537
TIMEFRAME_M1,813857415,False,20,0,0,6254.71,6254.884,Chaos,Volatility 10 Index,TIMEFRAME_M2,0.5,139601944,100,100,8,False,2024-05-01 21:00:00.000000,6254.71
TIMEFRAME_M1,852835151,False,20,0,0,206793.79,206845.33,Chaos,Volatility 75 Index,TIMEFRAME_M2,0.001,187620790,100,100,8,False,2024-05-01 21:00:00.000000,206793.79
TIMEFRAME_M1,835221379,False,20,0,0,1659.26,1659.26,Chaos,Volatility 100 Index,TIMEFRAME_M2,0.5,134878804,100,100,8,False,2024-05-01 21:00:00.000000,1658.81
TIMEFRAME_M1,812557321,False,20,0,0,1659.26,1659.26,Chaos,Volatility 100 Index,TIMEFRAME_M2,0.5,109835979,100,100,8,False,2024-05-01 21:00:00.000000,1658.81
TIMEFRAME_M1,801854518,False,20,0,0,206845.33,206845.33,Chaos,Volatility 75 Index,TIMEFRAME_M2,0.001,120167653,100,100,8,False,2024-05-01 21:00:00.000000,206793.79
TIMEFRAME_M1,838492734,False,20,0,0,6254.884,6254.884,Chaos,Volatility 10 Index,TIMEFRAME_M2,0.5,112584669,100,100,8,False,2024-05-01 21:00:00.000000,6254.71
TIMEFRAME_M1,814171531,False,20,0,0,2185.537,2185.689,Chaos,Volatility 25 Index,TIMEFRAME_M2,0.5,120352320,100,100,8,False,2024-05-01 21:00:00.000000,2185.537
TIMEFRAME_M1,820794630,False,20,0,0,6251.177,6251.351,Chaos,Volatility 10 Index,TIMEFRAME_M2,0.5,169887822,100,100,8,False,2024-05-01 22:00:00.000000,6251.177
TIMEFRAME_M1,871646189,False,20,0,0,2189.841,2189.993,Chaos,Volatility 25 Index,TIMEFRAME_M2,0.5,157027480,100,100,8,False,2024-05-01 22:00:00.000000,2189.841
TIMEFRAME_M1,801896894,False,20,0,0,206396.02,206447.56,Chaos,Volatility 75 Index,TIMEFRAME_M2,0.001,186972656,100,100,8,False,2024-05-01 22:00:00.000000,206396.02
TIMEFRAME_M1,881400160,False,20,0,0,1626.37,1626.37,Chaos,Volatility 100 Index,TIMEFRAME_M2,0.5,147258576,100,100,8,False,2024-05-01 22:00:00.000000,1625.92
TIMEFRAME_M1,836877692,False,20,0,0,1626.37,1626.37,Chaos,Volatility 100 Index,TIMEFRAME_M2,0.5,183808251,100,100,8,False,2024-05-01 22:00:00.000000,1625.92
TIMEFRAME_M1,858086064,False,20,0,0,206396.02,206447.56,Chaos,Volatility 75 Index,TIMEFRAME_M2,0.001,120955599,100,100,8,False,2024-05-01 22:00:00.000000,206396.02
TIMEFRAME_M1,886747168,False,20,0,0,2189.993,2189.993,Chaos,Volatility 25 Index,TIMEFRAME_M2,0.5,168720960,100,100,8,False,2024-05-01 22:00:00.000000,2189.841
TIMEFRAME_M1,864065076,False,20,0,0,6251.351,6251.351,Chaos,Volatility 10 Index,TIMEFRAME_M2,0.5,108460864,100,100,8,False,2024-05-01 22:00:00.000000,6251.177
TIMEFRAME_M1,833843635,False,20,0,0,6254.514,6254.688,Chaos,Volatility 10 Index,TIMEFRAME_M2,0.5,182161781,100,100,8,False,2024-05-01 23:00:00.000000,6254.514
TIMEFRAME_M1,886942098,False,20,0,0,2183.483,2183.635,Chaos,Volatility 25 Index,TIMEFRAME_M2,0.5,129860311,100,100,8,False,2024-05-01 23:00:00.000000,2183.483
TIMEFRAME_M1,834466498,False,20,0,0,1635.15,1635.15,Chaos,Volatility 100 Index,TIMEFRAME_M2,0.5,165699481,100,100,8,False,2024-05-01 23:00:00.000000,1634.7
TIMEFRAME_M1,809479093,False,20,0,0,205355.18,205355.18,Chaos,Volatility 75 Index,TIMEFRAME_M2,0.001,111373512,100,100,8,False,2024-05-01 23:00:00.000000,205303.64
TIMEFRAME_M1,809354492,False,20,0,0,205355.18,205355.18,Chaos,Volatility 75 Index,TIMEFRAME_M2,0.001,166513788,100,100,8,False,2024-05-01 23:00:00.000000,205303.64
TIMEFRAME_M1,884619296,False,20,0,0,2183.483,2183.635,Chaos,Volatility 25 Index,TIMEFRAME_M2,0.5,106511457,100,100,8,False,2024-05-01 23:00:00.000000,2183.483
TIMEFRAME_M1,816564138,False,20,0,0,6254.514,6254.688,Chaos,Volatility 10 Index,TIMEFRAME_M2,0.5,160237481,100,100,8,False,2024-05-01 23:00:00.000000,6254.514
TIMEFRAME_M1,810398437,False,20,0,0,1634.7,1635.15,Chaos,Volatility 100 Index,TIMEFRAME_M2,0.5,164995297,100,100,8,False,2024-05-01 23:00:00.000000,1634.7
TIMEFRAME_M1,813647457,False,20,0,0,2223.324,2223.324,Chaos,Volatility 25 Index,TIMEFRAME_M2,0.5,164185406,100,100,8,False,2024-05-01 00:00:00.000000,2223.172
TIMEFRAME_M1,891788918,False,20,0,0,213106.78,213158.32,Chaos,Volatility 75 Index,TIMEFRAME_M2,0.001,159167300,100,100,8,False,2024-05-01 00:00:00.000000,213106.78
TIMEFRAME_M1,875608093,False,20,0,0,1530.17,1530.17,Chaos,Volatility 100 Index,TIMEFRAME_M2,0.5,120149568,100,100,8,False,2024-05-01 00:00:00.000000,1529.72
TIMEFRAME_M1,878164158,False,20,0,0,6262.478,6262.652,Chaos,Volatility 10 Index,TIMEFRAME_M2,0.5,157583052,100,100,8,False,2024-05-01 00:00:00.000000,6262.478
TIMEFRAME_M1,858619681,False,20,0,0,6262.478,6262.652,Chaos,Volatility 10 Index,TIMEFRAME_M2,0.5,194390818,100,100,8,False,2024-05-01 00:05:00.000000,6262.478
TIMEFRAME_M1,809169812,False,20,0,0,213106.78,213158.32,Chaos,Volatility 75 Index,TIMEFRAME_M2,0.001,132625939,100,100,8,False,2024-05-01 00:05:00.000000,213106.78
TIMEFRAME_M1,849883480,False,20,0,0,1529.72,1530.17,Chaos,Volatility 100 Index,TIMEFRAME_M2,0.5,143776572,100,100,8,False,2024-05-01 00:05:00.000000,1529.72
TIMEFRAME_M1,897826859,False,20,0,0,2221.795,2221.947,Chaos,Volatility 25 Index,TIMEFRAME_M2,0.5,180003087,100,100,8,False,2024-05-01 00:05:00.000000,2221.795
TIMEFRAME_M1,831646695,False,20,0,0,213010.54,213062.08,Chaos,Volatility 75 Index,TIMEFRAME_M2,0.001,180965885,100,100,8,False,2024-05-01 00:10:00.000000,213010.54
TIMEFRAME_M1,806825464,False,20,0,0,6264.476,6264.476,Chaos,Volatility 10 Index,TIMEFRAME_M2,0.5,187567595,100,100,8,False,2024-05-01 00:10:00.000000,6264.302
TIMEFRAME_M1,851114862,False,20,0,0,2223.85,2224.002,Chaos,Volatility 25 Index,TIMEFRAME_M2,0.5,108011123,100,100,8,False,2024-05-01 00:10:00.000000,2223.85
TIMEFRAME_M1,805572079,False,20,0,0,1540.14,1540.59,Chaos,Volatility 100 Index,TIMEFRAME_M2,0.5,138116860,100,100,8,False,2024-05-01 00:10:00.000000,1540.14
TIMEFRAME_M1,896342911,False,20,0,0,1540.14,1540.59,Chaos,Volatility 100 Index,TIMEFRAME_M2,0.5,189799108,100,100,8,False,2024-05-01 00:10:00.000000,1540.14
TIMEFRAME_M1,801745796,False,20,0,0,6264.302,6264.476,Chaos,Volatility 10 Index,TIMEFRAME_M2,0.5,115839986,100,100,8,False,2024-05-01 00:10:00.000000,6264.302
TIMEFRAME_M1,835801457,False,20,0,0,213010.54,213062.08,Chaos,Volatility 75 Index,TIMEFRAME_M2,0.001,104896198,100,100,8,False,2024-05-01 00:15:00.000000,213010.54
TIMEFRAME_M1,869174078,False,20,0,0,2222.809,2222.961,Chaos,Volatility 25 Index,TIMEFRAME_M2,0.5,158840486,100,100,8,False,2024-05-01 00:15:00.000000,2222.809
TIMEFRAME_M1,806477906,False,20,0,0,6267.198,6267.198,Chaos,Volatility 10 Index,TIMEFRAME_M2,0.5,158356405,100,100,8,False,2024-05-01 00:15:00.000000,6267.024
TIMEFRAME_M1,831410886,False,20,0,0,1534.89,1534.89,Chaos,Volatility 100 Index,TIMEFRAME_M2,0.5,185507630,100,100,8,False,2024-05-01 00:15:00.000000,1534.44
TIMEFRAME_M1,889265719,False,20,0,0,6267.17,6267.344,Chaos,Volatility 10 Index,TIMEFRAME_M2,0.5,185130318,100,100,8,False,2024-05-01 00:20:00.000000,6267.17
TIMEFRAME_M1,878314774,False,20,0,0,1535.98,1536.43,Chaos,Volatility 100 Index,TIMEFRAME_M2,0.5,122395479,100,100,8,False,2024-05-01 00:20:00.000000,1535.98
TIMEFRAME_M1,899763471,False,20,0,0,2222.586,2222.586,Chaos,Volatility 25 Index,TIMEFRAME_M2,0.5,122790912,100,100,8,False,2024-05-01 00:20:00.000000,2222.434
TIMEFRAME_M1,899321316,False,20,0,0,211387.44,211387.44,Chaos,Volatility 75 Index,TIMEFRAME_M2,0.001,187681881,100,100,8,False,2024-05-01 00:20:00.000000,211335.9
TIMEFRAME_M1,896653163,False,20,0,0,2222.434,2222.586,Chaos,Volatility 25 Index,TIMEFRAME_M2,0.5,175205216,100,100,8,False,2024-05-01 00:25:00.000000,2222.434
TIMEFRAME_M1,826353499,False,20,0,0,210657.36,210708.9,Chaos,Volatility 75 Index,TIMEFRAME_M2,0.001,190973717,100,100,8,False,2024-05-01 00:25:00.000000,210657.36
TIMEFRAME_M1,873710066,False,20,0,0,6272.139,6272.139,Chaos,Volatility 10 Index,TIMEFRAME_M2,0.5,122987216,100,100,8,False,2024-05-01 00:25:00.000000,6271.965
TIMEFRAME_M1,845233268,False,20,0,0,1539.6,1539.6,Chaos,Volatility 100 Index,TIMEFRAME_M2,0.5,170632583,100,100,8,False,2024-05-01 00:25:00.000000,1539.15
TIMEFRAME_M1,809141306,False,20,0,0,6271.679,6271.853,Chaos,Volatility 10 Index,TIMEFRAME_M2,0.5,114492217,100,100,8,False,2024-05-01 00:30:00.000000,6271.679
TIMEFRAME_M1,875526824,False,20,0,0,2222.713,2222.713,Chaos,Volatility 25 Index,TIMEFRAME_M2,0.5,130495696,100,100,8,False,2024-05-01 00:30:00.000000,2222.561
TIMEFRAME_M1,804305576,False,20,0,0,211263.98,211315.52,Chaos,Volatility 75 Index,TIMEFRAME_M2,0.001,132285811,100,100,8,False,2024-05-01 00:30:00.000000,211263.98
TIMEFRAME_M1,818903696,False,20,0,0,1540.02,1540.47,Chaos,Volatility 100 Index,TIMEFRAME_M2,0.5,147302725,100,100,8,False,2024-05-01 00:30:00.000000,1540.02
TIMEFRAME_M1,867097858,False,20,0,0,212426.77,212478.31,Chaos,Volatility 75 Index,TIMEFRAME_M2,0.001,186434884,100,100,8,False,2024-05-01 00:35:00.000000,212426.77
TIMEFRAME_M1,858557209,False,20,0,0,1534.41,1534.41,Chaos,Volatility 100 Index,TIMEFRAME_M2,0.5,160796676,100,100,8,False,2024-05-01 00:35:00.000000,1533.96
TIMEFRAME_M1,806211700,False,20,0,0,2222.105,2222.257,Chaos,Volatility 25 Index,TIMEFRAME_M2,0.5,134701994,100,100,8,False,2024-05-01 00:35:00.000000,2222.105
TIMEFRAME_M1,861303468,False,20,0,0,6271.42,6271.594,Chaos,Volatility 10 Index,TIMEFRAME_M2,0.5,188652261,100,100,8,False,2024-05-01 00:35:00.000000,6271.42
TIMEFRAME_M1,897492124,False,20,0,0,1533.0,1533.0,Chaos,Volatility 100 Index,TIMEFRAME_M2,0.5,166122372,100,100,8,False,2024-05-01 00:40:00.000000,1532.55
TIMEFRAME_M1,897208780,False,20,0,0,2220.719,2220.719,Chaos,Volatility 25 Index,TIMEFRAME_M2,0.5,144030361,100,100,8,False,2024-05-01 00:40:00.000000,2220.567
TIMEFRAME_M1,834689906,False,20,0,0,6275.533,6275.707,Chaos,Volatility 10 Index,TIMEFRAME_M2,0.5,111091179,100,100,8,False,2024-05-01 00:40:00.000000,6275.533
TIMEFRAME_M1,839291782,False,20,0,0,212986.12,213037.66,Chaos,Volatility 75 Index,TIMEFRAME_M2,0.001,139678412,100,100,8,False,2024-05-01 00:40:00.000000,212986.12
TIMEFRAME_M1,833383481,False,20,0,0,212986.12,213037.66,Chaos,Volatility 75 Index,TIMEFRAME_M2,0.001,111008665,100,100,8,False,2024-05-01 00:45:00.000000,212986.12
TIMEFRAME_M1,823300139,False,20,0,0,1532.55,1533.0,Chaos,Volatility 100 Index,TIMEFRAME_M2,0.5,144842348,100,100,8,False,2024-05-01 00:45:00.000000,1532.55
TIMEFRAME_M1,846613454,False,20,0,0,2221.375,2221.375,Chaos,Volatility 25 Index,TIMEFRAME_M2,0.5,155161900,100,100,8,False,2024-05-01 00:45:00.000000,2221.223
TIMEFRAME_M1,885737508,False,20,0,0,6273.701,6273.875,Chaos,Volatility 10 Index,TIMEFRAME_M2,0.5,114678159,100,100,8,False,2024-05-01 00:45:00.000000,6273.701
TIMEFRAME_M1,829094718,False,20,0,0,1544.37,1544.37,Chaos,Volatility 100 Index,TIMEFRAME_M2,0.5,141656062,100,100,8,False,2024-05-01 00:50:00.000000,1543.92
TIMEFRAME_M1,803312811,False,20,0,0,213097.5,213149.04,Chaos,Volatility 75 Index,TIMEFRAME_M2,0.001,118130188,100,100,8,False,2024-05-01 00:50:00.000000,213097.5
TIMEFRAME_M1,824205887,False,20,0,0,6275.315,6275.315,Chaos,Volatility 10 Index,TIMEFRAME_M2,0.5,129024534,100,100,8,False,2024-05-01 00:50:00.000000,6275.141
TIMEFRAME_M1,835536615,False,20,0,0,2222.518,2222.67,Chaos,Volatility 25 Index,TIMEFRAME_M2,0.5,101515692,100,100,8,False,2024-05-01 00:50:00.000000,2222.518
TIMEFRAME_M1,877475681,False,20,0,0,2222.518,2222.67,Chaos,Volatility 25 Index,TIMEFRAME_M2,0.5,191599422,100,100,8,False,2024-05-01 00:50:00.000000,2222.518
TIMEFRAME_M1,845078615,False,20,0,0,1543.92,1544.37,Chaos,Volatility 100 Index,TIMEFRAME_M2,0.5,112966990,100,100,8,False,2024-05-01 00:55:00.000000,1543.92
TIMEFRAME_M1,853735984,False,20,0,0,6276.081,6276.255,Chaos,Volatility 10 Index,TIMEFRAME_M2,0.5,125696414,100,100,8,False,2024-05-01 00:55:00.000000,6276.081
TIMEFRAME_M1,860388916,False,20,0,0,213175.57,213227.11,Chaos,Volatility 75 Index,TIMEFRAME_M2,0.001,113188178,100,100,8,False,2024-05-01 00:55:00.000000,213175.57
TIMEFRAME_M1,881047860,False,20,0,0,2225.522,2225.522,Chaos,Volatility 25 Index,TIMEFRAME_M2,0.5,104612902,100,100,8,False,2024-05-01 00:55:00.000000,2225.37
TIMEFRAME_M1,807995774,False,20,0,0,213200.99,213252.53,Chaos,Volatility 75 Index,TIMEFRAME_M2,0.001,117652518,100,100,8,False,2024-05-01 01:00:00.000000,213200.99
TIMEFRAME_M1,822617777,False,20,0,0,2223.611,2223.611,Chaos,Volatility 25 Index,TIMEFRAME_M2,0.5,195955126,100,100,8,False,2024-05-01 01:00:00.000000,2223.459
TIMEFRAME_M1,885723455,False,20,0,0,1554.22,1554.67,Chaos,Volatility 100 Index,TIMEFRAME_M2,0.5,154463490,100,100,8,False,2024-05-01 01:00:00.000000,1554.22
TIMEFRAME_M1,884403906,False,20,0,0,6274.701,6274.875,Chaos,Volatility 10 Index,TIMEFRAME_M2,0.5,137046181,100,100,8,False,2024-05-01 01:00:00.000000,6274.701
TIMEFRAME_M1,878842659,False,20,0,0,1554.67,1554.67,Chaos,Volatility 100 Index,TIMEFRAME_M2,0.5,150364516,100,100,8,False,2024-05-01 01:05:00.000000,1554.22
TIMEFRAME_M1,880468319,False,20,0,0,2223.611,2223.611,Chaos,Volatility 25 Index,TIMEFRAME_M2,0.5,120606133,100,100,8,False,2024-05-01 01:05:00.000000,2223.459
TIMEFRAME_M1,827596248,False,20,0,0,213501.1,213501.1,Chaos,Volatility 75 Index,TIMEFRAME_M2,0.001,133560473,100,100,8,False,2024-05-01 01:05:00.000000,213449.56
TIMEFRAME_M1,836312656,False,20,0,0,6275.76,6275.76,Chaos,Volatility 10 Index,TIMEFRAME_M2,0.5,108354424,100,100,8,False,2024-05-01 01:05:00.000000,6275.586
TIMEFRAME_M1,889268848,False,20,0,0,2222.927,2222.927,Chaos,Volatility 25 Index,TIMEFRAME_M2,0.5,142452980,100,100,8,False,2024-05-01 01:10:00.000000,2222.775
TIMEFRAME_M1,869587474,False,20,0,0,1541.29,1541.74,Chaos,Volatility 100 Index,TIMEFRAME_M2,0.5,162442913,100,100,8,False,2024-05-01 01:10:00.000000,1541.29
TIMEFRAME_M1,863600301,False,20,0,0,6271.755,6271.929,Chaos,Volatility 10 Index,TIMEFRAME_M2,0.5,137800260,100,100,8,False,2024-05-01 01:10:00.000000,6271.755
TIMEFRAME_M1,832810234,False,20,0,0,213266.78,213266.78,Chaos,Volatility 75 Index,TIMEFRAME_M2,0.001,119821302,100,100,8,False,2024-05-01 01:10:00.000000,213215.24
TIMEFRAME_M1,899975465,False,20,0,0,1541.29,1541.74,Chaos,Volatility 100 Index,TIMEFRAME_M2,0.5,123477105,100,100,8,False,2024-05-01 01:15:00.000000,1541.29
TIMEFRAME_M1,892496463,False,20,0,0,6271.755,6271.929,Chaos,Volatility 10 Index,TIMEFRAME_M2,0.5,170598836,100,100,8,False,2024-05-01 01:15:00.000000,6271.755
TIMEFRAME_M1,884657960,False,20,0,0,2220.755,2220.755,Chaos,Volatility 25 Index,TIMEFRAME_M2,0.5,158149617,100,100,8,False,2024-05-01 01:15:00.000000,2220.603
TIMEFRAME_M1,836299997,False,20,0,0,213666.86,213718.4,Chaos,Volatility 75 Index,TIMEFRAME_M2,0.001,134413258,100,100,8,False,2024-05-01 01:15:00.000000,213666.86
TIMEFRAME_M1,801102995,False,20,0,0,213314.09,213314.09,Chaos,Volatility 75 Index,TIMEFRAME_M2,0.001,110998080,100,100,8,False,2024-05-01 01:20:00.000000,213262.55
TIMEFRAME_M1,831062354,False,20,0,0,1545.48,1545.48,Chaos,Volatility 100 Index,TIMEFRAME_M2,0.5,181073555,100,100,8,False,2024-05-01 01:20:00.000000,1545.03
TIMEFRAME_M1,827557116,False,20,0,0,2217.826,2217.978,Chaos,Volatility 25 Index,TIMEFRAME_M2,0.5,150894441,100,100,8,False,2024-05-01 01:20:00.000000,2217.826
TIMEFRAME_M1,868265326,False,20,0,0,6271.243,6271.243,Chaos,Volatility 10 Index,TIMEFRAME_M2,0.5,194931811,100,100,8,False,2024-05-01 01:20:00.000000,6271.069
TIMEFRAME_M1,812428764,False,20,0,0,6271.243,6271.243,Chaos,Volatility 10 Index,TIMEFRAME_M2,0.5,140010496,100,100,8,False,2024-05-01 01:20:00.000000,6271.069
TIMEFRAME_M1,842445809,False,20,0,0,213262.55,213314.09,Chaos,Volatility 75 Index,TIMEFRAME_M2,0.001,153628132,100,100,8,False,2024-05-01 01:25:00.000000,213262.55
TIMEFRAME_M1,874191732,False,20,0,0,2217.826,2217.978,Chaos,Volatility 25 Index,TIMEFRAME_M2,0.5,113681223,100,100,8,False,2024-05-01 01:25:00.000000,2217.826
TIMEFRAME_M1,853748062,False,20,0,0,1547.74,1547.74,Chaos,Volatility 100 Index,TIMEFRAME_M2,0.5,139919667,100,100,8,False,2024-05-01 01:25:00.000000,1547.29
TIMEFRAME_M1,800175196,False,20,0,0,6274.143,6274.143,Chaos,Volatility 10 Index,TIMEFRAME_M2,0.5,191699989,100,100,8,False,2024-05-01 01:25:00.000000,6273.969
TIMEFRAME_M1,827061779,False,20,0,0,1551.0,1551.45,Chaos,Volatility 100 Index,TIMEFRAME_M2,0.5,150683965,100,100,8,False,2024-05-01 01:30:00.000000,1551.0
TIMEFRAME_M1,888535035,False,20,0,0,6274.789,6274.789,Chaos,Volatility 10 Index,TIMEFRAME_M2,0.5,145290823,100,100,8,False,2024-05-01 01:30:00.000000,6274.615
TIMEFRAME_M1,830754629,False,20,0,0,213775.57,213775.57,Chaos,Volatility 75 Index,TIMEFRAME_M2,0.001,173792535,100,100,8,False,2024-05-01 01:30:00.000000,213724.03
TIMEFRAME_M1,836332132,False,20,0,0,2217.261,2217.413,Chaos,Volatility 25 Index,TIMEFRAME_M2,0.5,154708278,100,100,8,False,2024-05-01 01:30:00.000000,2217.261
TIMEFRAME_M1,834560145,False,20,0,0,213724.03,213775.57,Chaos,Volatility 75 Index,TIMEFRAME_M2,0.001,147076403,100,100,8,False,2024-05-01 01:30:00.000000,213724.03
TIMEFRAME_M1,846761444,False,20,0,0,2217.261,2217.413,Chaos,Volatility 25 Index,TIMEFRAME_M2,0.5,114296197,100,100,8,False,2024-05-01 01:35:00.000000,2217.261
TIMEFRAME_M1,809632936,False,20,0,0,1551.45,1551.45,Chaos,Volatility 100 Index,TIMEFRAME_M2,0.5,176057964,100,100,8,False,2024-05-01 01:35:00.000000,1551.0
TIMEFRAME_M1,829927352,False,20,0,0,6275.264,6275.264,Chaos,Volatility 10 Index,TIMEFRAME_M2,0.5,188598447,100,100,8,False,2024-05-01 01:35:00.000000,6275.09
TIMEFRAME_M1,857945556,False,20,0,0,213630.68,213682.22,Chaos,Volatility 75 Index,TIMEFRAME_M2,0.001,124712442,100,100,8,False,2024-05-01 01:35:00.000000,213630.68
TIMEFRAME_M1,807195183,False,20,0,0,2214.859,2214.859,Chaos,Volatility 25 Index,TIMEFRAME_M2,0.5,152244561,100,100,8,False,2024-05-01 01:40:00.000000,2214.707
TIMEFRAME_M1,803469424,False,20,0,0,214375.4,214426.94,Chaos,Volatility 75 Index,TIMEFRAME_M2,0.001,109926468,100,100,8,False,2024-05-01 01:40:00.000000,214375.4
TIMEFRAME_M1,862904712,False,20,0,0,6271.861,6272.035,Chaos,Volatility 10 Index,TIMEFRAME_M2,0.5,181503350,100,100,8,False,2024-05-01 01:40:00.000000,6271.861
TIMEFRAME_M1,825860406,False,20,0,0,1547.12,1547.57,Chaos,Volatility 100 Index,TIMEFRAME_M2,0.5,178598075,100,100,8,False,2024-05-01 01:40:00.000000,1547.12
TIMEFRAME_M1,817949111,False,20,0,0,214426.94,214426.94,Chaos,Volatility 75 Index,TIMEFRAME_M2,0.001,118927225,100,100,8,False,2024-05-01 01:40:00.000000,214375.4
TIMEFRAME_M1,876351577,False,20,0,0,1547.57,1547.57,Chaos,Volatility 100 Index,TIMEFRAME_M2,0.5,192152635,100,100,8,False,2024-05-01 01:45:00.000000,1547.12
TIMEFRAME_M1,836620378,False,20,0,0,2214.707,2214.859,Chaos,Volatility 25 Index,TIMEFRAME_M2,0.5,122142728,100,100,8,False,2024-05-01 01:45:00.000000,2214.707
TIMEFRAME_M1,893380828,False,20,0,0,6273.918,6273.918,Chaos,Volatility 10 Index,TIMEFRAME_M2,0.5,188774368,100,100,8,False,2024-05-01 01:45:00.000000,6273.744
TIMEFRAME_M1,848052305,False,20,0,0,214998.59,215050.13,Chaos,Volatility 75 Index,TIMEFRAME_M2,0.001,144744745,100,100,8,False,2024-05-01 01:45:00.000000,214998.59
TIMEFRAME_M1,858361557,False,20,0,0,2212.964,2213.116,Chaos,Volatility 25 Index,TIMEFRAME_M2,0.5,172024529,100,100,8,False,2024-05-01 01:50:00.000000,2212.964
TIMEFRAME_M1,882350356,False,20,0,0,214284.42,214284.42,Chaos,Volatility 75 Index,TIMEFRAME_M2,0.001,105160845,100,100,8,False,2024-05-01 01:50:00.000000,214232.88
TIMEFRAME_M1,886117590,False,20,0,0,1541.12,1541.57,Chaos,Volatility 100 Index,TIMEFRAME_M2,0.5,199175438,100,100,8,False,2024-05-01 01:50:00.000000,1541.12
TIMEFRAME_M1,820743140,False,20,0,0,6272.113,6272.113,Chaos,Volatility 10 Index,TIMEFRAME_M2,0.5,133732745,100,100,8,False,2024-05-01 01:50:00.000000,6271.939
TIMEFRAME_M1,883841275,False,20,0,0,6271.939,6272.113,Chaos,Volatility 10 Index,TIMEFRAME_M2,0.5,153242805,100,100,8,False,2024-05-01 01:50:00.000000,6271.939
TIMEFRAME_M1,870299384,False,20,0,0,214232.88,214284.42,Chaos,Volatility 75 Index,TIMEFRAME_M2,0.001,119987852,100,100,8,False,2024-05-01 01:55:00.000000,214232.88
TIMEFRAME_M1,884213594,False,20,0,0,2212.964,2213.116,Chaos,Volatility 25 Index,TIMEFRAME_M2,0.5,168564850,100,100,8,False,2024-05-01 01:55:00.000000,2212.964
TIMEFRAME_M1,871843905,False,20,0,0,1539.53,1539.53,Chaos,Volatility 100 Index,TIMEFRAME_M2,0.5,135347120,100,100,8,False,2024-05-01 01:55:00.000000,1539.08
TIMEFRAME_M1,863527190,False,20,0,0,6272.416,6272.416,Chaos,Volatility 10 Index,TIMEFRAME_M2,0.5,194024592,100,100,8,False,2024-05-01 01:55:00.000000,6272.242
TIMEFRAME_M1,864303882,False,20,0,0,6275.48,6275.654,Chaos,Volatility 10 Index,TIMEFRAME_M2,0.5,108236657,100,100,8,False,2024-05-01 02:00:00.000000,6275.48
TIMEFRAME_M1,893870307,False,20,0,0,2211.736,2211.736,Chaos,Volatility 25 Index,TIMEFRAME_M2,0.5,125477888,100,100,8,False,2024-05-01 02:00:00.000000,2211.584
TIMEFRAME_M1,851368116,False,20,0,0,214370.87,214422.41,Chaos,Volatility 75 Index,TIMEFRAME_M2,0.001,147687039,100,100,8,False,2024-05-01 02:00:00.000000,214370.87
TIMEFRAME_M1,870968196,False,20,0,0,1530.07,1530.52,Chaos,Volatility 100 Index,TIMEFRAME_M2,0.5,182965202,100,100,8,False,2024-05-01 02:00:00.000000,1530.07
TIMEFRAME_M1,876579331,False,20,0,0,1530.07,1530.52,Chaos,Volatility 100 Index,TIMEFRAME_M2,0.5,116277352,100,100,8,False,2024-05-01 02:00:00.000000,1530.07
TIMEFRAME_M1,807608270,False,20,0,0,6275.48,6275.654,Chaos,Volatility 10 Index,TIMEFRAME_M2,0.5,190983997,100,100,8,False,2024-05-01 02:00:00.000000,6275.48
TIMEFRAME_M1,855016139,False,20,0,0,214370.87,214422.41,Chaos,Volatility 75 Index,TIMEFRAME_M2,0.001,190364393,100,100,8,False,2024-05-01 02:05:00.000000,214370.87
TIMEFRAME_M1,882526415,False,20,0,0,2212.325,2212.325,Chaos,Volatility 25 Index,TIMEFRAME_M2,0.5,158436629,100,100,8,False,2024-05-01 02:05:00.000000,2212.173
TIMEFRAME_M1,888512570,False,20,0,0,6274.087,6274.087,Chaos,Volatility 10 Index,TIMEFRAME_M2,0.5,155446611,100,100,8,False,2024-05-01 02:05:00.000000,6273.913
TIMEFRAME_M1,875287739,False,20,0,0,1540.2,1540.2,Chaos,Volatility 100 Index,TIMEFRAME_M2,0.5,102210902,100,100,8,False,2024-05-01 02:05:00.000000,1539.75
TIMEFRAME_M1,857388555,False,20,0,0,1541.71,1541.71,Chaos,Volatility 100 Index,TIMEFRAME_M2,0.5,133999873,100,100,8,False,2024-05-01 02:10:00.000000,1541.26
TIMEFRAME_M1,853294326,False,20,0,0,6270.819,6270.993,Chaos,Volatility 10 Index,TIMEFRAME_M2,0.5,108251081,100,100,8,False,2024-05-01 02:10:00.000000,6270.819
TIMEFRAME_M1,885102997,False,20,0,0,213901.04,213952.58,Chaos,Volatility 75 Index,TIMEFRAME_M2,0.001,142600335,100,100,8,False,2024-05-01 02:10:00.000000,213901.04
TIMEFRAME_M1,830674337,False,20,0,0,2211.001,2211.153,Chaos,Volatility 25 Index,TIMEFRAME_M2,0.5,155372510,100,100,8,False,2024-05-01 02:10:00.000000,2211.001
TIMEFRAME_M1,807303904,False,20,0,0,2211.153,2211.153,Chaos,Volatility 25 Index,TIMEFRAME_M2,0.5,155942430,100,100,8,False,2024-05-01 02:10:00.000000,2211.001
TIMEFRAME_M1,816104240,False,20,0,0,213952.58,213952.58,Chaos,Volatility 75 Index,TIMEFRAME_M2,0.001,188863495,100,100,8,False,2024-05-01 02:10:00.000000,213901.04
TIMEFRAME_M1,867057630,False,20,0,0,1541.26,1541.71,Chaos,Volatility 100 Index,TIMEFRAME_M2,0.5,109439383,100,100,8,False,2024-05-01 02:10:00.000000,1541.26
TIMEFRAME_M1,847827718,False,20,0,0,6270.819,6270.993,Chaos,Volatility 10 Index,TIMEFRAME_M2,0.5,171077785,100,100,8,False,2024-05-01 02:15:00.000000,6270.819
TIMEFRAME_M1,835839887,False,20,0,0,2209.249,2209.249,Chaos,Volatility 25 Index,TIMEFRAME_M2,0.5,123280961,100,100,8,False,2024-05-01 02:15:00.000000,2209.097
TIMEFRAME_M1,887418483,False,20,0,0,213905.69,213905.69,Chaos,Volatility 75 Index,TIMEFRAME_M2,0.001,190114228,100,100,8,False,2024-05-01 02:15:00.000000,213854.15
TIMEFRAME_M1,833648793,False,20,0,0,1537.99,1537.99,Chaos,Volatility 100 Index,TIMEFRAME_M2,0.5,156850161,100,100,8,False,2024-05-01 02:15:00.000000,1537.54
TIMEFRAME_M1,843235603,False,20,0,0,1537.17,1537.62,Chaos,Volatility 100 Index,TIMEFRAME_M2,0.5,126448099,100,100,8,False,2024-05-01 02:20:00.000000,1537.17
TIMEFRAME_M1,807014723,False,20,0,0,6265.013,6265.013,Chaos,Volatility 10 Index,TIMEFRAME_M2,0.5,114345720,100,100,8,False,2024-05-01 02:20:00.000000,6264.839
TIMEFRAME_M1,840631087,False,20,0,0,214120.19,214120.19,Chaos,Volatility 75 Index,TIMEFRAME_M2,0.001,118702907,100,100,8,False,2024-05-01 02:20:00.000000,214068.65
TIMEFRAME_M1,843811533,False,20,0,0,2207.658,2207.81,Chaos,Volatility 25 Index,TIMEFRAME_M2,0.5,181440065,100,100,8,False,2024-05-01 02:20:00.000000,2207.658
TIMEFRAME_M1,859615738,False,20,0,0,1537.17,1537.62,Chaos,Volatility 100 Index,TIMEFRAME_M2,0.5,121354830,100,100,8,False,2024-05-01 02:20:00.000000,1537.17
TIMEFRAME_M1,893453483,False,20,0,0,214068.65,214120.19,Chaos,Volatility 75 Index,TIMEFRAME_M2,0.001,141394012,100,100,8,False,2024-05-01 02:20:00.000000,214068.65
TIMEFRAME_M1,836656715,False,20,0,0,2207.658,2207.81,Chaos,Volatility 25 Index,TIMEFRAME_M2,0.5,162224458,100,100,8,False,2024-05-01 02:20:00.000000,2207.658
TIMEFRAME_M1,841760836,False,20,0,0,6263.501,6263.501,Chaos,Volatility 10 Index,TIMEFRAME_M2,0.5,132536727,100,100,8,False,2024-05-01 02:25:00.000000,6263.327
TIMEFRAME_M1,806610211,False,20,0,0,2207.75,2207.75,Chaos,Volatility 25 Index,TIMEFRAME_M2,0.5,159139789,100,100,8,False,2024-05-01 02:25:00.000000,2207.598
TIMEFRAME_M1,827139189,False,20,0,0,213821.59,213821.59,Chaos,Volatility 75 Index,TIMEFRAME_M2,0.001,193111748,100,100,8,False,2024-05-01 02:25:00.000000,213770.05
TIMEFRAME_M1,861094827,False,20,0,0,1537.14,1537.14,Chaos,Volatility 100 Index,TIMEFRAME_M2,0.5,131486408,100,100,8,False,2024-05-01 02:25:00.000000,1536.69
TIMEFRAME_M1,873690054,False,20,0,0,214506.75,214506.75,Chaos,Volatility 75 Index,TIMEFRAME_M2,0.001,100596787,100,100,8,False,2024-05-01 02:30:00.000000,214455.21
TIMEFRAME_M1,803634531,False,20,0,0,2210.111,2210.263,Chaos,Volatility 25 Index,TIMEFRAME_M2,0.5,113078885,100,100,8,False,2024-05-01 02:30:00.000000,2210.111
TIMEFRAME_M1,879692007,False,20,0,0,6262.748,6262.748,Chaos,Volatility 10 Index,TIMEFRAME_M2,0.5,158002864,100,100,8,False,2024-05-01 02:30:00.000000,6262.574
TIMEFRAME_M1,855160151,False,20,0,0,1535.39,1535.39,Chaos,Volatility 100 Index,TIMEFRAME_M2,0.5,115100896,100,100,8,False,2024-05-01 02:30:00.000000,1534.94
TIMEFRAME_M1,891982022,False,20,0,0,1534.94,1535.39,Chaos,Volatility 100 Index,TIMEFRAME_M2,0.5,131300833,100,100,8,False,2024-05-01 02:30:00.000000,1534.94
TIMEFRAME_M1,898791958,False,20,0,0,2210.263,2210.263,Chaos,Volatility 25 Index,TIMEFRAME_M2,0.5,138254850,100,100,8,False,2024-05-01 02:30:00.000000,2210.111
TIMEFRAME_M1,892304980,False,20,0,0,6262.748,6262.748,Chaos,Volatility 10 Index,TIMEFRAME_M2,0.5,106192985,100,100,8,False,2024-05-01 02:30:00.000000,6262.574
TIMEFRAME_M1,816742590,False,20,0,0,214506.75,214506.75,Chaos,Volatility 75 Index,TIMEFRAME_M2,0.001,102686563,100,100,8,False,2024-05-01 02:35:00.000000,214455.21
TIMEFRAME_M1,848417692,False,20,0,0,6263.802,6263.802,Chaos,Volatility 10 Index,TIMEFRAME_M2,0.5,144854349,100,100,8,False,2024-05-01 02:35:00.000000,6263.628
TIMEFRAME_M1,883909444,False,20,0,0,1530.98,1530.98,Chaos,Volatility 100 Index,TIMEFRAME_M2,0.5,111325839,100,100,8,False,2024-05-01 02:35:00.000000,1530.53
TIMEFRAME_M1,886430419,False,20,0,0,2210.46,2210.46,Chaos,Volatility 25 Index,TIMEFRAME_M2,0.5,156362502,100,100,8,False,2024-05-01 02:35:00.000000,2210.308
TIMEFRAME_M1,883781430,False,20,0,0,1542.37,1542.37,Chaos,Volatility 100 Index,TIMEFRAME_M2,0.5,136145966,100,100,8,False,2024-05-01 02:40:00.000000,1541.92
TIMEFRAME_M1,869800120,False,20,0,0,6264.834,6264.834,Chaos,Volatility 10 Index,TIMEFRAME_M2,0.5,197090536,100,100,8,False,2024-05-01 02:40:00.000000,6264.66
TIMEFRAME_M1,886804375,False,20,0,0,213943.01,213994.55,Chaos,Volatility 75 Index,TIMEFRAME_M2,0.001,191003529,100,100,8,False,2024-05-01 02:40:00.000000,213943.01
TIMEFRAME_M1,869833004,False,20,0,0,2211.851,2212.003,Chaos,Volatility 25 Index,TIMEFRAME_M2,0.5,185359973,100,100,8,False,2024-05-01 02:40:00.000000,2211.851
TIMEFRAME_M1,862086197,False,20,0,0,6264.834,6264.834,Chaos,Volatility 10 Index,TIMEFRAME_M2,0.5,140178779,100,100,8,False,2024-05-01 02:40:00.000000,6264.66
TIMEFRAME_M1,835457997,False,20,0,0,1541.92,1542.37,Chaos,Volatility 100 Index,TIMEFRAME_M2,0.5,105665039,100,100,8,False,2024-05-01 02:40:00.000000,1541.92
TIMEFRAME_M1,810581432,False,20,0,0,2212.003,2212.003,Chaos,Volatility 25 Index,TIMEFRAME_M2,0.5,182058923,100,100,8,False,2024-05-01 02:40:00.000000,2211.851
TIMEFRAME_M1,840509593,False,20,0,0,213994.55,213994.55,Chaos,Volatility 75 Index,TIMEFRAME_M2,0.001,150500876,100,100,8,False,2024-05-01 02:40:00.000000,213943.01
TIMEFRAME_M1,848175833,False,20,0,0,6265.628,6265.628,Chaos,Volatility 10 Index,TIMEFRAME_M2,0.5,195192503,100,100,8,False,2024-05-01 02:45:00.000000,6265.454
TIMEFRAME_M1,804849962,False,20,0,0,213381.59,213381.59,Chaos,Volatility 75 Index,TIMEFRAME_M2,0.001,102649946,100,100,8,False,2024-05-01 02:45:00.000000,213330.05
TIMEFRAME_M1,845920662,False,20,0,0,2211.739,2211.891,Chaos,Volatility 25 Index,TIMEFRAME_M2,0.5,119388740,100,100,8,False,2024-05-01 02:45:00.000000,2211.739
TIMEFRAME_M1,890953003,False,20,0,0,1540.82,1540.82,Chaos,Volatility 100 Index,TIMEFRAME_M2,0.5,145133600,100,100,8,False,2024-05-01 02:45:00.000000,1540.37
TIMEFRAME_M1,833472796,False,20,0,0,6264.073,6264.247,Chaos,Volatility 10 Index,TIMEFRAME_M2,0.5,124043190,100,100,8,False,2024-05-01 02:50:00.000000,6264.073
TIMEFRAME_M1,884069400,False,20,0,0,1538.86,1538.86,Chaos,Volatility 100 Index,TIMEFRAME_M2,0.5,111347920,100,100,8,False,2024-05-01 02:50:00.000000,1538.41
TIMEFRAME_M1,849393840,False,20,0,0,213569.33,213569.33,Chaos,Volatility 75 Index,TIMEFRAME_M2,0.001,115103677,100,100,8,False,2024-05-01 02:50:00.000000,213517.79
TIMEFRAME_M1,882006833,False,20,0,0,2214.006,2214.158,Chaos,Volatility 25 Index,TIMEFRAME_M2,0.5,183786604,100,100,8,False,2024-05-01 02:50:00.000000,2214.006
TIMEFRAME_M1,865785906,False,20,0,0,2214.006,2214.158,Chaos,Volatility 25 Index,TIMEFRAME_M2,0.5,105800841,100,100,8,False,2024-05-01 02:50:00.000000,2214.006
TIMEFRAME_M1,881935501,False,20,0,0,1538.41,1538.86,Chaos,Volatility 100 Index,TIMEFRAME_M2,0.5,110812559,100,100,8,False,2024-05-01 02:50:00.000000,1538.41
TIMEFRAME_M1,816381287,False,20,0,0,6264.073,6264.247,Chaos,Volatility 10 Index,TIMEFRAME_M2,0.5,198698612,100,100,8,False,2024-05-01 02:50:00.000000,6264.073
TIMEFRAME_M1,831337439,False,20,0,0,213569.33,213569.33,Chaos,Volatility 75 Index,TIMEFRAME_M2,0.001,160098949,100,100,8,False,2024-05-01 02:55:00.000000,213517.79
TIMEFRAME_M1,837527099,False,20,0,0,1538.11,1538.56,Chaos,Volatility 100 Index,TIMEFRAME_M2,0.5,181578776,100,100,8,False,2024-05-01 02:55:00.000000,1538.11
TIMEFRAME_M1,831923656,False,20,0,0,2213.029,2213.029,Chaos,Volatility 25 Index,TIMEFRAME_M2,0.5,180311728,100,100,8,False,2024-05-01 02:55:00.000000,2212.877
TIMEFRAME_M1,873930819,False,20,0,0,6264.196,6264.37,Chaos,Volatility 10 Index,TIMEFRAME_M2,0.5,192626625,100,100,8,False,2024-05-01 02:55:00.000000,6264.196
TIMEFRAME_M1,825090459,False,20,0,0,2211.905,2212.057,Chaos,Volatility 25 Index,TIMEFRAME_M2,0.5,137743625,100,100,8,False,2024-05-01 03:00:00.000000,2211.905
TIMEFRAME_M1,842650222,False,20,0,0,6266.085,6266.259,Chaos,Volatility 10 Index,TIMEFRAME_M2,0.5,166368050,100,100,8,False,2024-05-01 03:00:00.000000,6266.085
TIMEFRAME_M1,863766065,False,20,0,0,214248.02,214248.02,Chaos,Volatility 75 Index,TIMEFRAME_M2,0.001,179586815,100,100,8,False,2024-05-01 03:00:00.000000,214196.48
TIMEFRAME_M1,870920528,False,20,0,0,1541.23,1541.23,Chaos,Volatility 100 Index,TIMEFRAME_M2,0.5,199448844,100,100,8,False,2024-05-01 03:00:00.000000,1540.78
TIMEFRAME_M1,832573477,False,20,0,0,2212.057,2212.057,Chaos,Volatility 25 Index,TIMEFRAME_M2,0.5,164682862,100,100,8,False,2024-05-01 03:00:00.000000,2211.905
TIMEFRAME_M1,805442282,False,20,0,0,6266.085,6266.259,Chaos,Volatility 10 Index,TIMEFRAME_M2,0.5,152588856,100,100,8,False,2024-05-01 03:00:00.000000,6266.085
TIMEFRAME_M1,861024584,False,20,0,0,1540.78,1541.23,Chaos,Volatility 100 Index,TIMEFRAME_M2,0.5,131211190,100,100,8,False,2024-05-01 03:05:00.000000,1540.78
TIMEFRAME_M1,866309695,False,20,0,0,213923.36,213974.9,Chaos,Volatility 75 Index,TIMEFRAME_M2,0.001,133444942,100,100,8,False,2024-05-01 03:05:00.000000,213923.36
TIMEFRAME_M1,805305638,False,20,0,0,2211.542,2211.694,Chaos,Volatility 25 Index,TIMEFRAME_M2,0.5,195366233,100,100,8,False,2024-05-01 03:05:00.000000,2211.542
TIMEFRAME_M1,844729760,False,20,0,0,6266.49,6266.49,Chaos,Volatility 10 Index,TIMEFRAME_M2,0.5,155697303,100,100,8,False,2024-05-01 03:05:00.000000,6266.316
TIMEFRAME_M1,806979451,False,20,0,0,214172.29,214223.83,Chaos,Volatility 75 Index,TIMEFRAME_M2,0.001,172871751,100,100,8,False,2024-05-01 03:10:00.000000,214172.29
TIMEFRAME_M1,813811443,False,20,0,0,2211.066,2211.066,Chaos,Volatility 25 Index,TIMEFRAME_M2,0.5,163694749,100,100,8,False,2024-05-01 03:10:00.000000,2210.914
TIMEFRAME_M1,831073106,False,20,0,0,6265.342,6265.342,Chaos,Volatility 10 Index,TIMEFRAME_M2,0.5,185477161,100,100,8,False,2024-05-01 03:10:00.000000,6265.168
TIMEFRAME_M1,829862507,False,20,0,0,1551.68,1551.68,Chaos,Volatility 100 Index,TIMEFRAME_M2,0.5,138687274,100,100,8,False,2024-05-01 03:10:00.000000,1551.23
TIMEFRAME_M1,888324304,False,20,0,0,214172.29,214223.83,Chaos,Volatility 75 Index,TIMEFRAME_M2,0.001,154012973,100,100,8,False,2024-05-01 03:10:00.000000,214172.29
TIMEFRAME_M1,867385588,False,20,0,0,1551.23,1551.68,Chaos,Volatility 100 Index,TIMEFRAME_M2,0.5,145713775,100,100,8,False,2024-05-01 03:10:00.000000,1551.23
TIMEFRAME_M1,885826282,False,20,0,0,2210.914,2211.066,Chaos,Volatility 25 Index,TIMEFRAME_M2,0.5,176460465,100,100,8,False,2024-05-01 03:10:00.000000,2210.914
TIMEFRAME_M1,804619490,False,20,0,0,6265.342,6265.342,Chaos,Volatility 10 Index,TIMEFRAME_M2,0.5,183673143,100,100,8,False,2024-05-01 03:10:00.000000,6265.168
TIMEFRAME_M1,860699330,False,20,0,0,6265.585,6265.585,Chaos,Volatility 10 Index,TIMEFRAME_M2,0.5,168898765,100,100,8,False,2024-05-01 03:15:00.000000,6265.411
TIMEFRAME_M1,878293552,False,20,0,0,1540.46,1540.91,Chaos,Volatility 100 Index,TIMEFRAME_M2,0.5,121029113,100,100,8,False,2024-05-01 03:15:00.000000,1540.46
TIMEFRAME_M1,893597174,False,20,0,0,2209.702,2209.702,Chaos,Volatility 25 Index,TIMEFRAME_M2,0.5,141997904,100,100,8,False,2024-05-01 03:15:00.000000,2209.55
TIMEFRAME_M1,801369754,False,20,0,0,214474.87,214526.41,Chaos,Volatility 75 Index,TIMEFRAME_M2,0.001,175951928,100,100,8,False,2024-05-01 03:15:00.000000,214474.87
TIMEFRAME_M1,813272064,False,20,0,0,6264.258,6264.258,Chaos,Volatility 10 Index,TIMEFRAME_M2,0.5,174547006,100,100,8,False,2024-05-01 03:20:00.000000,6264.084
TIMEFRAME_M1,863654258,False,20,0,0,2210.9,2210.9,Chaos,Volatility 25 Index,TIMEFRAME_M2,0.5,150719173,100,100,8,False,2024-05-01 03:20:00.000000,2210.748
TIMEFRAME_M1,884764245,False,20,0,0,1541.01,1541.46,Chaos,Volatility 100 Index,TIMEFRAME_M2,0.5,169862943,100,100,8,False,2024-05-01 03:20:00.000000,1541.01
TIMEFRAME_M1,804850179,False,20,0,0,214029.83,214029.83,Chaos,Volatility 75 Index,TIMEFRAME_M2,0.001,133482640,100,100,8,False,2024-05-01 03:20:00.000000,213978.29
TIMEFRAME_M1,837489901,False,20,0,0,213978.29,214029.83,Chaos,Volatility 75 Index,TIMEFRAME_M2,0.001,142098035,100,100,8,False,2024-05-01 03:20:00.000000,213978.29
TIMEFRAME_M1,850559056,False,20,0,0,6264.258,6264.258,Chaos,Volatility 10 Index,TIMEFRAME_M2,0.5,161568768,100,100,8,False,2024-05-01 03:20:00.000000,6264.084
TIMEFRAME_M1,873061102,False,20,0,0,1541.46,1541.46,Chaos,Volatility 100 Index,TIMEFRAME_M2,0.5,159362655,100,100,8,False,2024-05-01 03:20:00.000000,1541.01
TIMEFRAME_M1,843827547,False,20,0,0,2210.748,2210.9,Chaos,Volatility 25 Index,TIMEFRAME_M2,0.5,152544842,100,100,8,False,2024-05-01 03:20:00.000000,2210.748
TIMEFRAME_M1,878469744,False,20,0,0,6262.373,6262.373,Chaos,Volatility 10 Index,TIMEFRAME_M2,0.5,146965822,100,100,8,False,2024-05-01 03:25:00.000000,6262.199
TIMEFRAME_M1,898612313,False,20,0,0,214836.22,214887.76,Chaos,Volatility 75 Index,TIMEFRAME_M2,0.001,118646802,100,100,8,False,2024-05-01 03:25:00.000000,214836.22
TIMEFRAME_M1,847334395,False,20,0,0,1543.97,1544.42,Chaos,Volatility 100 Index,TIMEFRAME_M2,0.5,158700869,100,100,8,False,2024-05-01 03:25:00.000000,1543.97
TIMEFRAME_M1,852002088,False,20,0,0,2207.509,2207.661,Chaos,Volatility 25 Index,TIMEFRAME_M2,0.5,166416443,100,100,8,False,2024-05-01 03:25:00.000000,2207.509
TIMEFRAME_M1,810424492,False,20,0,0,2207.553,2207.705,Chaos,Volatility 25 Index,TIMEFRAME_M2,0.5,134736211,100,100,8,False,2024-05-01 03:30:00.000000,2207.553
TIMEFRAME_M1,883671344,False,20,0,0,215264.51,215316.05,Chaos,Volatility 75 Index,TIMEFRAME_M2,0.001,108238281,100,100,8,False,2024-05-01 03:30:00.000000,215264.51
TIMEFRAME_M1,861242017,False,20,0,0,1543.45,1543.9,Chaos,Volatility 100 Index,TIMEFRAME_M2,0.5,120581832,100,100,8,False,2024-05-01 03:30:00.000000,1543.45
TIMEFRAME_M1,823127157,False,20,0,0,6262.855,6263.029,Chaos,Volatility 10 Index,TIMEFRAME_M2,0.5,115491488,100,100,8,False,2024-05-01 03:30:00.000000,6262.855
TIMEFRAME_M1,821341515,False,20,0,0,6262.855,6263.029,Chaos,Volatility 10 Index,TIMEFRAME_M2,0.5,199760903,100,100,8,False,2024-05-01 03:30:00.000000,6262.855
TIMEFRAME_M1,831007051,False,20,0,0,2207.705,2207.705,Chaos,Volatility 25 Index,TIMEFRAME_M2,0.5,139708865,100,100,8,False,2024-05-01 03:30:00.000000,2207.553
TIMEFRAME_M1,828692836,False,20,0,0,1543.9,1543.9,Chaos,Volatility 100 Index,TIMEFRAME_M2,0.5,123266507,100,100,8,False,2024-05-01 03:30:00.000000,1543.45
TIMEFRAME_M1,847920958,False,20,0,0,215316.05,215316.05,Chaos,Volatility 75 Index,TIMEFRAME_M2,0.001,177672736,100,100,8,False,2024-05-01 03:30:00.000000,215264.51
TIMEFRAME_M1,805669473,False,20,0,0,2206.332,2206.484,Chaos,Volatility 25 Index,TIMEFRAME_M2,0.5,164308648,100,100,8,False,2024-05-01 03:35:00.000000,2206.332
TIMEFRAME_M1,836460253,False,20,0,0,1540.9,1540.9,Chaos,Volatility 100 Index,TIMEFRAME_M2,0.5,191778412,100,100,8,False,2024-05-01 03:35:00.000000,1540.45
TIMEFRAME_M1,853071236,False,20,0,0,6261.518,6261.692,Chaos,Volatility 10 Index,TIMEFRAME_M2,0.5,174502640,100,100,8,False,2024-05-01 03:35:00.000000,6261.518
TIMEFRAME_M1,857419311,False,20,0,0,215063.1,215063.1,Chaos,Volatility 75 Index,TIMEFRAME_M2,0.001,120444036,100,100,8,False,2024-05-01 03:35:00.000000,215011.56
TIMEFRAME_M1,884905089,False,20,0,0,1540.07,1540.52,Chaos,Volatility 100 Index,TIMEFRAME_M2,0.5,145194183,100,100,8,False,2024-05-01 03:40:00.000000,1540.07
TIMEFRAME_M1,810491227,False,20,0,0,214134.66,214134.66,Chaos,Volatility 75 Index,TIMEFRAME_M2,0.001,115171107,100,100,8,False,2024-05-01 03:40:00.000000,214083.12
TIMEFRAME_M1,883050144,False,20,0,0,6261.269,6261.443,Chaos,Volatility 10 Index,TIMEFRAME_M2,0.5,187496128,100,100,8,False,2024-05-01 03:40:00.000000,6261.269
TIMEFRAME_M1,840067196,False,20,0,0,2201.881,2201.881,Chaos,Volatility 25 Index,TIMEFRAME_M2,0.5,108002787,100,100,8,False,2024-05-01 03:40:00.000000,2201.729
TIMEFRAME_M1,878585268,False,20,0,0,6261.269,6261.443,Chaos,Volatility 10 Index,TIMEFRAME_M2,0.5,167026812,100,100,8,False,2024-05-01 03:40:00.000000,6261.269
TIMEFRAME_M1,859539643,False,20,0,0,2201.729,2201.881,Chaos,Volatility 25 Index,TIMEFRAME_M2,0.5,131734681,100,100,8,False,2024-05-01 03:40:00.000000,2201.729
TIMEFRAME_M1,818235664,False,20,0,0,1540.07,1540.52,Chaos,Volatility 100 Index,TIMEFRAME_M2,0.5,167325133,100,100,8,False,2024-05-01 03:40:00.000000,1540.07
TIMEFRAME_M1,804186546,False,20,0,0,214083.12,214134.66,Chaos,Volatility 75 Index,TIMEFRAME_M2,0.001,101594399,100,100,8,False,2024-05-01 03:40:00.000000,214083.12
TIMEFRAME_M1,839967042,False,20,0,0,6259.828,6259.828,Chaos,Volatility 10 Index,TIMEFRAME_M2,0.5,115299120,100,100,8,False,2024-05-01 03:45:00.000000,6259.654
TIMEFRAME_M1,852462232,False,20,0,0,214729.09,214729.09,Chaos,Volatility 75 Index,TIMEFRAME_M2,0.001,120785581,100,100,8,False,2024-05-01 03:45:00.000000,214677.55
TIMEFRAME_M1,812933267,False,20,0,0,2201.266,2201.418,Chaos,Volatility 25 Index,TIMEFRAME_M2,0.5,138685708,100,100,8,False,2024-05-01 03:45:00.000000,2201.266
TIMEFRAME_M1,829392677,False,20,0,0,1535.46,1535.46,Chaos,Volatility 100 Index,TIMEFRAME_M2,0.5,180763310,100,100,8,False,2024-05-01 03:45:00.000000,1535.01
TIMEFRAME_M1,808513509,False,20,0,0,2200.73,2200.73,Chaos,Volatility 25 Index,TIMEFRAME_M2,0.5,185004366,100,100,8,False,2024-05-01 03:50:00.000000,2200.578
TIMEFRAME_M1,857229704,False,20,0,0,1537.04,1537.04,Chaos,Volatility 100 Index,TIMEFRAME_M2,0.5,103926089,100,100,8,False,2024-05-01 03:50:00.000000,1536.59
TIMEFRAME_M1,828601693,False,20,0,0,214621.54,214673.08,Chaos,Volatility 75 Index,TIMEFRAME_M2,0.001,159318744,100,100,8,False,2024-05-01 03:50:00.000000,214621.54
TIMEFRAME_M1,887321334,False,20,0,0,6258.097,6258.271,Chaos,Volatility 10 Index,TIMEFRAME_M2,0.5,184733170,100,100,8,False,2024-05-01 03:50:00.000000,6258.097
TIMEFRAME_M1,805427693,False,20,0,0,6258.271,6258.271,Chaos,Volatility 10 Index,TIMEFRAME_M2,0.5,175112116,100,100,8,False,2024-05-01 03:50:00.000000,6258.097
TIMEFRAME_M1,815128677,False,20,0,0,2200.73,2200.73,Chaos,Volatility 25 Index,TIMEFRAME_M2,0.5,138826820,100,100,8,False,2024-05-01 03:50:00.000000,2200.578
TIMEFRAME_M1,849062499,False,20,0,0,1536.59,1537.04,Chaos,Volatility 100 Index,TIMEFRAME_M2,0.5,193861516,100,100,8,False,2024-05-01 03:50:00.000000,1536.59
TIMEFRAME_M1,819061267,False,20,0,0,214621.54,214673.08,Chaos,Volatility 75 Index,TIMEFRAME_M2,0.001,101843239,100,100,8,False,2024-05-01 03:50:00.000000,214621.54
TIMEFRAME_M1,851853637,False,20,0,0,6258.023,6258.023,Chaos,Volatility 10 Index,TIMEFRAME_M2,0.5,185376602,100,100,8,False,2024-05-01 03:55:00.000000,6257.849
TIMEFRAME_M1,831402814,False,20,0,0,2202.863,2202.863,Chaos,Volatility 25 Index,TIMEFRAME_M2,0.5,154909082,100,100,8,False,2024-05-01 03:55:00.000000,2202.711
TIMEFRAME_M1,831392985,False,20,0,0,1532.69,1532.69,Chaos,Volatility 100 Index,TIMEFRAME_M2,0.5,169502454,100,100,8,False,2024-05-01 03:55:00.000000,1532.24
TIMEFRAME_M1,890329455,False,20,0,0,214843.02,214843.02,Chaos,Volatility 75 Index,TIMEFRAME_M2,0.001,167096499,100,100,8,False,2024-05-01 03:55:00.000000,214791.48
TIMEFRAME_M1,897641684,False,20,0,0,2204.048,2204.2,Chaos,Volatility 25 Index,TIMEFRAME_M2,0.5,176425023,100,100,8,False,2024-05-01 04:00:00.000000,2204.048
TIMEFRAME_M1,867097195,False,20,0,0,6258.229,6258.229,Chaos,Volatility 10 Index,TIMEFRAME_M2,0.5,104170334,100,100,8,False,2024-05-01 04:00:00.000000,6258.055
TIMEFRAME_M1,865170864,False,20,0,0,214342.15,214393.69,Chaos,Volatility 75 Index,TIMEFRAME_M2,0.001,189426153,100,100,8,False,2024-05-01 04:00:00.000000,214342.15
TIMEFRAME_M1,870356096,False,20,0,0,1532.57,1532.57,Chaos,Volatility 100 Index,TIMEFRAME_M2,0.5,150982696,100,100,8,False,2024-05-01 04:00:00.000000,1532.12
TIMEFRAME_M1,887500507,False,20,0,0,6258.229,6258.229,Chaos,Volatility 10 Index,TIMEFRAME_M2,0.5,109534193,100,100,8,False,2024-05-01 04:00:00.000000,6258.055
TIMEFRAME_M1,861173893,False,20,0,0,2204.048,2204.2,Chaos,Volatility 25 Index,TIMEFRAME_M2,0.5,102185302,100,100,8,False,2024-05-01 04:00:00.000000,2204.048
TIMEFRAME_M1,872684680,False,20,0,0,1532.12,1532.57,Chaos,Volatility 100 Index,TIMEFRAME_M2,0.5,176758550,100,100,8,False,2024-05-01 04:00:00.000000,1532.12
TIMEFRAME_M1,826029823,False,20,0,0,214393.69,214393.69,Chaos,Volatility 75 Index,TIMEFRAME_M2,0.001,122504463,100,100,8,False,2024-05-01 04:00:00.000000,214342.15
TIMEFRAME_M1,896399904,False,20,0,0,1539.45,1539.45,Chaos,Volatility 100 Index,TIMEFRAME_M2,0.5,136609471,100,100,8,False,2024-05-01 04:05:00.000000,1539.0
TIMEFRAME_M1,885278881,False,20,0,0,6260.28,6260.454,Chaos,Volatility 10 Index,TIMEFRAME_M2,0.5,167243081,100,100,8,False,2024-05-01 04:05:00.000000,6260.28
TIMEFRAME_M1,834210790,False,20,0,0,2203.457,2203.457,Chaos,Volatility 25 Index,TIMEFRAME_M2,0.5,102550775,100,100,8,False,2024-05-01 04:05:00.000000,2203.305
TIMEFRAME_M1,850946647,False,20,0,0,214895.67,214895.67,Chaos,Volatility 75 Index,TIMEFRAME_M2,0.001,192668061,100,100,8,False,2024-05-01 04:05:00.000000,214844.13
TIMEFRAME_M1,877240482,False,20,0,0,6260.652,6260.652,Chaos,Volatility 10 Index,TIMEFRAME_M2,0.5,143101246,100,100,8,False,2024-05-01 04:10:00.000000,6260.478
TIMEFRAME_M1,821803779,False,20,0,0,1537.82,1537.82,Chaos,Volatility 100 Index,TIMEFRAME_M2,0.5,170069609,100,100,8,False,2024-05-01 04:10:00.000000,1537.37
TIMEFRAME_M1,808644535,False,20,0,0,2205.158,2205.31,Chaos,Volatility 25 Index,TIMEFRAME_M2,0.5,186780653,100,100,8,False,2024-05-01 04:10:00.000000,2205.158
TIMEFRAME_M1,873597612,False,20,0,0,214200.41,214251.95,Chaos,Volatility 75 Index,TIMEFRAME_M2,0.001,196471062,100,100,8,False,2024-05-01 04:10:00.000000,214200.41
TIMEFRAME_M1,817128227,False,20,0,0,214200.41,214251.95,Chaos,Volatility 75 Index,TIMEFRAME_M2,0.001,100136409,100,100,8,False,2024-05-01 04:10:00.000000,214200.41
TIMEFRAME_M1,830779929,False,20,0,0,1537.82,1537.82,Chaos,Volatility 100 Index,TIMEFRAME_M2,0.5,129012368,100,100,8,False,2024-05-01 04:10:00.000000,1537.37
TIMEFRAME_M1,836415771,False,20,0,0,6260.478,6260.652,Chaos,Volatility 10 Index,TIMEFRAME_M2,0.5,181718956,100,100,8,False,2024-05-01 04:10:00.000000,6260.478
TIMEFRAME_M1,862242754,False,20,0,0,2205.31,2205.31,Chaos,Volatility 25 Index,TIMEFRAME_M2,0.5,110959870,100,100,8,False,2024-05-01 04:10:00.000000,2205.158
TIMEFRAME_M1,879506480,False,20,0,0,1539.86,1540.31,Chaos,Volatility 100 Index,TIMEFRAME_M2,0.5,162733895,100,100,8,False,2024-05-01 04:15:00.000000,1539.86
TIMEFRAME_M1,816361305,False,20,0,0,214778.27,214778.27,Chaos,Volatility 75 Index,TIMEFRAME_M2,0.001,141595546,100,100,8,False,2024-05-01 04:15:00.000000,214726.73
TIMEFRAME_M1,800224054,False,20,0,0,6262.227,6262.227,Chaos,Volatility 10 Index,TIMEFRAME_M2,0.5,162218457,100,100,8,False,2024-05-01 04:15:00.000000,6262.053
TIMEFRAME_M1,832861747,False,20,0,0,2206.322,2206.322,Chaos,Volatility 25 Index,TIMEFRAME_M2,0.5,107972643,100,100,8,False,2024-05-01 04:15:00.000000,2206.17
TIMEFRAME_M1,841625160,False,20,0,0,6265.903,6266.077,Chaos,Volatility 10 Index,TIMEFRAME_M2,0.5,163174016,100,100,8,False,2024-05-01 04:20:00.000000,6265.903
TIMEFRAME_M1,879253805,False,20,0,0,214606.73,214606.73,Chaos,Volatility 75 Index,TIMEFRAME_M2,0.001,137499371,100,100,8,False,2024-05-01 04:20:00.000000,214555.19
TIMEFRAME_M1,890363432,False,20,0,0,1540.38,1540.83,Chaos,Volatility 100 Index,TIMEFRAME_M2,0.5,164633662,100,100,8,False,2024-05-01 04:20:00.000000,1540.38
TIMEFRAME_M1,898691461,False,20,0,0,2205.756,2205.756,Chaos,Volatility 25 Index,TIMEFRAME_M2,0.5,151002710,100,100,8,False,2024-05-01 04:20:00.000000,2205.604
TIMEFRAME_M1,818288823,False,20,0,0,2205.604,2205.756,Chaos,Volatility 25 Index,TIMEFRAME_M2,0.5,134323107,100,100,8,False,2024-05-01 04:20:00.000000,2205.604
TIMEFRAME_M1,837477576,False,20,0,0,214606.73,214606.73,Chaos,Volatility 75 Index,TIMEFRAME_M2,0.001,124587857,100,100,8,False,2024-05-01 04:20:00.000000,214555.19
TIMEFRAME_M1,859955854,False,20,0,0,1540.83,1540.83,Chaos,Volatility 100 Index,TIMEFRAME_M2,0.5,111783007,100,100,8,False,2024-05-01 04:20:00.000000,1540.38
TIMEFRAME_M1,871183705,False,20,0,0,6265.903,6266.077,Chaos,Volatility 10 Index,TIMEFRAME_M2,0.5,106918300,100,100,8,False,2024-05-01 04:20:00.000000,6265.903
TIMEFRAME_M1,812298489,False,20,0,0,2206.056,2206.056,Chaos,Volatility 25 Index,TIMEFRAME_M2,0.5,155316773,100,100,8,False,2024-05-01 04:25:00.000000,2205.904
TIMEFRAME_M1,899060092,False,20,0,0,213984.27,213984.27,Chaos,Volatility 75 Index,TIMEFRAME_M2,0.001,121929021,100,100,8,False,2024-05-01 04:25:00.000000,213932.73
TIMEFRAME_M1,821456966,False,20,0,0,6267.131,6267.305,Chaos,Volatility 10 Index,TIMEFRAME_M2,0.5,175486351,100,100,8,False,2024-05-01 04:25:00.000000,6267.131
TIMEFRAME_M1,880313076,False,20,0,0,1537.44,1537.89,Chaos,Volatility 100 Index,TIMEFRAME_M2,0.5,194425345,100,100,8,False,2024-05-01 04:25:00.000000,1537.44
TIMEFRAME_M1,852560059,False,20,0,0,213936.09,213987.63,Chaos,Volatility 75 Index,TIMEFRAME_M2,0.001,142870920,100,100,8,False,2024-05-01 04:30:00.000000,213936.09
TIMEFRAME_M1,813431425,False,20,0,0,6267.036,6267.21,Chaos,Volatility 10 Index,TIMEFRAME_M2,0.5,121715442,100,100,8,False,2024-05-01 04:30:00.000000,6267.036
TIMEFRAME_M1,867583670,False,20,0,0,1537.53,1537.53,Chaos,Volatility 100 Index,TIMEFRAME_M2,0.5,138079929,100,100,8,False,2024-05-01 04:30:00.000000,1537.08
TIMEFRAME_M1,847390640,False,20,0,0,2204.47,2204.47,Chaos,Volatility 25 Index,TIMEFRAME_M2,0.5,186739716,100,100,8,False,2024-05-01 04:30:00.000000,2204.318
TIMEFRAME_M1,827593276,False,20,0,0,6267.036,6267.21,Chaos,Volatility 10 Index,TIMEFRAME_M2,0.5,126542202,100,100,8,False,2024-05-01 04:30:00.000000,6267.036
TIMEFRAME_M1,855440287,False,20,0,0,213987.63,213987.63,Chaos,Volatility 75 Index,TIMEFRAME_M2,0.001,128571701,100,100,8,False,2024-05-01 04:30:00.000000,213936.09
TIMEFRAME_M1,856715711,False,20,0,0,2204.318,2204.47,Chaos,Volatility 25 Index,TIMEFRAME_M2,0.5,144770183,100,100,8,False,2024-05-01 04:30:00.000000,2204.318
TIMEFRAME_M1,835135126,False,20,0,0,1537.53,1537.53,Chaos,Volatility 100 Index,TIMEFRAME_M2,0.5,100557665,100,100,8,False,2024-05-01 04:30:00.000000,1537.08
TIMEFRAME_M1,832116084,False,20,0,0,2201.381,2201.381,Chaos,Volatility 25 Index,TIMEFRAME_M2,0.5,189423212,100,100,8,False,2024-05-01 04:35:00.000000,2201.229
TIMEFRAME_M1,834042066,False,20,0,0,214126.89,214178.43,Chaos,Volatility 75 Index,TIMEFRAME_M2,0.001,112752769,100,100,8,False,2024-05-01 04:35:00.000000,214126.89
TIMEFRAME_M1,872298952,False,20,0,0,6265.871,6266.045,Chaos,Volatility 10 Index,TIMEFRAME_M2,0.5,172305725,100,100,8,False,2024-05-01 04:35:00.000000,6265.871
TIMEFRAME_M1,841424964,False,20,0,0,1545.47,1545.47,Chaos,Volatility 100 Index,TIMEFRAME_M2,0.5,103844321,100,100,8,False,2024-05-01 04:35:00.000000,1545.02
TIMEFRAME_M1,890693315,False,20,0,0,1545.55,1545.55,Chaos,Volatility 100 Index,TIMEFRAME_M2,0.5,123203861,100,100,8,False,2024-05-01 04:40:00.000000,1545.1
TIMEFRAME_M1,840260282,False,20,0,0,2200.932,2201.084,Chaos,Volatility 25 Index,TIMEFRAME_M2,0.5,141429652,100,100,8,False,2024-05-01 04:40:00.000000,2200.932
TIMEFRAME_M1,853643858,False,20,0,0,6266.575,6266.749,Chaos,Volatility 10 Index,TIMEFRAME_M2,0.5,176961059,100,100,8,False,2024-05-01 04:40:00.000000,6266.575
TIMEFRAME_M1,803365029,False,20,0,0,213367.04,213367.04,Chaos,Volatility 75 Index,TIMEFRAME_M2,0.001,146051892,100,100,8,False,2024-05-01 04:40:00.000000,213315.5
TIMEFRAME_M1,812936128,False,20,0,0,2201.084,2201.084,Chaos,Volatility 25 Index,TIMEFRAME_M2,0.5,190086345,100,100,8,False,2024-05-01 04:40:00.000000,2200.932
TIMEFRAME_M1,817474603,False,20,0,0,213315.5,213367.04,Chaos,Volatility 75 Index,TIMEFRAME_M2,0.001,188514165,100,100,8,False,2024-05-01 04:40:00.000000,213315.5
TIMEFRAME_M1,839545000,False,20,0,0,1545.1,1545.55,Chaos,Volatility 100 Index,TIMEFRAME_M2,0.5,158300920,100,100,8,False,2024-05-01 04:40:00.000000,1545.1
TIMEFRAME_M1,876833486,False,20,0,0,6266.575,6266.749,Chaos,Volatility 10 Index,TIMEFRAME_M2,0.5,197429838,100,100,8,False,2024-05-01 04:40:00.000000,6266.575
TIMEFRAME_M1,802142610,False,20,0,0,214017.89,214017.89,Chaos,Volatility 75 Index,TIMEFRAME_M2,0.001,122511870,100,100,8,False,2024-05-01 04:45:00.000000,213966.35
TIMEFRAME_M1,874455759,False,20,0,0,1541.45,1541.45,Chaos,Volatility 100 Index,TIMEFRAME_M2,0.5,120250835,100,100,8,False,2024-05-01 04:45:00.000000,1541.0
TIMEFRAME_M1,842995220,False,20,0,0,2200.502,2200.502,Chaos,Volatility 25 Index,TIMEFRAME_M2,0.5,187488416,100,100,8,False,2024-05-01 04:45:00.000000,2200.35
TIMEFRAME_M1,822109953,False,20,0,0,6263.114,6263.114,Chaos,Volatility 10 Index,TIMEFRAME_M2,0.5,146886913,100,100,8,False,2024-05-01 04:45:00.000000,6262.94
TIMEFRAME_M1,884738687,False,20,0,0,1536.47,1536.47,Chaos,Volatility 100 Index,TIMEFRAME_M2,0.5,161585165,100,100,8,False,2024-05-01 04:50:00.000000,1536.02
TIMEFRAME_M1,840267221,False,20,0,0,213417.96,213469.5,Chaos,Volatility 75 Index,TIMEFRAME_M2,0.001,122453083,100,100,8,False,2024-05-01 04:50:00.000000,213417.96
TIMEFRAME_M1,822769412,False,20,0,0,2200.421,2200.573,Chaos,Volatility 25 Index,TIMEFRAME_M2,0.5,190777605,100,100,8,False,2024-05-01 04:50:00.000000,2200.421
TIMEFRAME_M1,868986578,False,20,0,0,6259.307,6259.481,Chaos,Volatility 10 Index,TIMEFRAME_M2,0.5,131780500,100,100,8,False,2024-05-01 04:50:00.000000,6259.307
TIMEFRAME_M1,875075366,False,20,0,0,6259.481,6259.481,Chaos,Volatility 10 Index,TIMEFRAME_M2,0.5,193455838,100,100,8,False,2024-05-01 04:50:00.000000,6259.307
TIMEFRAME_M1,879567775,False,20,0,0,1536.02,1536.47,Chaos,Volatility 100 Index,TIMEFRAME_M2,0.5,154068132,100,100,8,False,2024-05-01 04:50:00.000000,1536.02
TIMEFRAME_M1,812994331,False,20,0,0,213417.96,213469.5,Chaos,Volatility 75 Index,TIMEFRAME_M2,0.001,118752845,100,100,8,False,2024-05-01 04:50:00.000000,213417.96
TIMEFRAME_M1,848171735,False,20,0,0,2200.573,2200.573,Chaos,Volatility 25 Index,TIMEFRAME_M2,0.5,169652491,100,100,8,False,2024-05-01 04:50:00.000000,2200.421
TIMEFRAME_M1,884918689,False,20,0,0,6264.612,6264.786,Chaos,Volatility 10 Index,TIMEFRAME_M2,0.5,153358884,100,100,8,False,2024-05-01 04:55:00.000000,6264.612
TIMEFRAME_M1,802236113,False,20,0,0,2201.834,2201.986,Chaos,Volatility 25 Index,TIMEFRAME_M2,0.5,173311592,100,100,8,False,2024-05-01 04:55:00.000000,2201.834
TIMEFRAME_M1,871049425,False,20,0,0,1535.75,1535.75,Chaos,Volatility 100 Index,TIMEFRAME_M2,0.5,128642224,100,100,8,False,2024-05-01 04:55:00.000000,1535.3
TIMEFRAME_M1,839461564,False,20,0,0,214381.96,214433.5,Chaos,Volatility 75 Index,TIMEFRAME_M2,0.001,117116659,100,100,8,False,2024-05-01 04:55:00.000000,214381.96
TIMEFRAME_M1,836561870,False,20,0,0,2199.497,2199.649,Chaos,Volatility 25 Index,TIMEFRAME_M2,0.5,111676808,100,100,8,False,2024-05-01 05:00:00.000000,2199.497
TIMEFRAME_M1,823785397,False,20,0,0,6264.311,6264.311,Chaos,Volatility 10 Index,TIMEFRAME_M2,0.5,196728015,100,100,8,False,2024-05-01 05:00:00.000000,6264.137
TIMEFRAME_M1,802063298,False,20,0,0,1533.0,1533.0,Chaos,Volatility 100 Index,TIMEFRAME_M2,0.5,179274455,100,100,8,False,2024-05-01 05:00:00.000000,1532.55
TIMEFRAME_M1,894167469,False,20,0,0,214234.49,214234.49,Chaos,Volatility 75 Index,TIMEFRAME_M2,0.001,188972856,100,100,8,False,2024-05-01 05:00:00.000000,214182.95
TIMEFRAME_M1,810594009,False,20,0,0,2199.497,2199.649,Chaos,Volatility 25 Index,TIMEFRAME_M2,0.5,193458681,100,100,8,False,2024-05-01 05:00:00.000000,2199.497
TIMEFRAME_M1,811091299,False,20,0,0,214182.95,214234.49,Chaos,Volatility 75 Index,TIMEFRAME_M2,0.001,107164544,100,100,8,False,2024-05-01 05:00:00.000000,214182.95
TIMEFRAME_M1,819266384,False,20,0,0,1533.0,1533.0,Chaos,Volatility 100 Index,TIMEFRAME_M2,0.5,165292959,100,100,8,False,2024-05-01 05:00:00.000000,1532.55
TIMEFRAME_M1,805378138,False,20,0,0,6264.311,6264.311,Chaos,Volatility 10 Index,TIMEFRAME_M2,0.5,117590098,100,100,8,False,2024-05-01 05:00:00.000000,6264.137
TIMEFRAME_M1,891437751,False,20,0,0,213981.67,214033.21,Chaos,Volatility 75 Index,TIMEFRAME_M2,0.001,171146667,100,100,8,False,2024-05-01 05:05:00.000000,213981.67
TIMEFRAME_M1,805128831,False,20,0,0,1529.95,1529.95,Chaos,Volatility 100 Index,TIMEFRAME_M2,0.5,159473275,100,100,8,False,2024-05-01 05:05:00.000000,1529.5
TIMEFRAME_M1,856848530,False,20,0,0,6264.655,6264.655,Chaos,Volatility 10 Index,TIMEFRAME_M2,0.5,158379471,100,100,8,False,2024-05-01 05:05:00.000000,6264.481
TIMEFRAME_M1,878388895,False,20,0,0,2199.303,2199.303,Chaos,Volatility 25 Index,TIMEFRAME_M2,0.5,173585722,100,100,8,False,2024-05-01 05:05:00.000000,2199.151
TIMEFRAME_M1,845514205,False,20,0,0,6264.623,6264.623,Chaos,Volatility 10 Index,TIMEFRAME_M2,0.5,116042912,100,100,8,False,2024-05-01 05:10:00.000000,6264.449
TIMEFRAME_M1,874207148,False,20,0,0,1531.12,1531.57,Chaos,Volatility 100 Index,TIMEFRAME_M2,0.5,112416339,100,100,8,False,2024-05-01 05:10:00.000000,1531.12
TIMEFRAME_M1,852585618,False,20,0,0,2198.827,2198.979,Chaos,Volatility 25 Index,TIMEFRAME_M2,0.5,172436620,100,100,8,False,2024-05-01 05:10:00.000000,2198.827
TIMEFRAME_M1,843064350,False,20,0,0,214131.56,214183.1,Chaos,Volatility 75 Index,TIMEFRAME_M2,0.001,163931629,100,100,8,False,2024-05-01 05:10:00.000000,214131.56
TIMEFRAME_M1,825289865,False,20,0,0,214131.56,214183.1,Chaos,Volatility 75 Index,TIMEFRAME_M2,0.001,164053877,100,100,8,False,2024-05-01 05:10:00.000000,214131.56
TIMEFRAME_M1,879479873,False,20,0,0,6264.449,6264.623,Chaos,Volatility 10 Index,TIMEFRAME_M2,0.5,104747486,100,100,8,False,2024-05-01 05:10:00.000000,6264.449
TIMEFRAME_M1,855148329,False,20,0,0,1531.12,1531.57,Chaos,Volatility 100 Index,TIMEFRAME_M2,0.5,146052487,100,100,8,False,2024-05-01 05:10:00.000000,1531.12
TIMEFRAME_M1,882831247,False,20,0,0,2198.979,2198.979,Chaos,Volatility 25 Index,TIMEFRAME_M2,0.5,165313720,100,100,8,False,2024-05-01 05:10:00.000000,2198.827
TIMEFRAME_M1,893248254,False,20,0,0,214924.49,214976.03,Chaos,Volatility 75 Index,TIMEFRAME_M2,0.001,192343572,100,100,8,False,2024-05-01 05:15:00.000000,214924.49
TIMEFRAME_M1,875553058,False,20,0,0,1532.28,1532.73,Chaos,Volatility 100 Index,TIMEFRAME_M2,0.5,152857276,100,100,8,False,2024-05-01 05:15:00.000000,1532.28
TIMEFRAME_M1,881843302,False,20,0,0,2196.88,2196.88,Chaos,Volatility 25 Index,TIMEFRAME_M2,0.5,189666234,100,100,8,False,2024-05-01 05:15:00.000000,2196.728
TIMEFRAME_M1,800863017,False,20,0,0,6265.776,6265.95,Chaos,Volatility 10 Index,TIMEFRAME_M2,0.5,107381879,100,100,8,False,2024-05-01 05:15:00.000000,6265.776
TIMEFRAME_M1,856387949,False,20,0,0,1526.52,1526.97,Chaos,Volatility 100 Index,TIMEFRAME_M2,0.5,100871452,100,100,8,False,2024-05-01 05:20:00.000000,1526.52
TIMEFRAME_M1,819754448,False,20,0,0,2200.7,2200.7,Chaos,Volatility 25 Index,TIMEFRAME_M2,0.5,134458847,100,100,8,False,2024-05-01 05:20:00.000000,2200.548
TIMEFRAME_M1,827578356,False,20,0,0,214711.04,214711.04,Chaos,Volatility 75 Index,TIMEFRAME_M2,0.001,194137313,100,100,8,False,2024-05-01 05:20:00.000000,214659.5
TIMEFRAME_M1,818203971,False,20,0,0,6264.764,6264.764,Chaos,Volatility 10 Index,TIMEFRAME_M2,0.5,122899221,100,100,8,False,2024-05-01 05:20:00.000000,6264.59
TIMEFRAME_M1,801907135,False,20,0,0,6264.764,6264.764,Chaos,Volatility 10 Index,TIMEFRAME_M2,0.5,134150624,100,100,8,False,2024-05-01 05:20:00.000000,6264.59
TIMEFRAME_M1,881932771,False,20,0,0,1526.52,1526.97,Chaos,Volatility 100 Index,TIMEFRAME_M2,0.5,150759683,100,100,8,False,2024-05-01 05:20:00.000000,1526.52
TIMEFRAME_M1,838431107,False,20,0,0,214659.5,214711.04,Chaos,Volatility 75 Index,TIMEFRAME_M2,0.001,158762817,100,100,8,False,2024-05-01 05:25:00.000000,214659.5
TIMEFRAME_M1,882024844,False,20,0,0,2201.197,2201.197,Chaos,Volatility 25 Index,TIMEFRAME_M2,0.5,146126848,100,100,8,False,2024-05-01 05:25:00.000000,2201.045
TIMEFRAME_M1,873736646,False,20,0,0,6265.69,6265.69,Chaos,Volatility 10 Index,TIMEFRAME_M2,0.5,177412704,100,100,8,False,2024-05-01 05:25:00.000000,6265.516
TIMEFRAME_M1,835840224,False,20,0,0,1536.0,1536.45,Chaos,Volatility 100 Index,TIMEFRAME_M2,0.5,172476164,100,100,8,False,2024-05-01 05:25:00.000000,1536.0
TIMEFRAME_M1,856047139,False,20,0,0,6265.225,6265.225,Chaos,Volatility 10 Index,TIMEFRAME_M2,0.5,124096179,100,100,8,False,2024-05-01 05:30:00.000000,6265.051
TIMEFRAME_M1,808155143,False,20,0,0,2197.526,2197.678,Chaos,Volatility 25 Index,TIMEFRAME_M2,0.5,118815752,100,100,8,False,2024-05-01 05:30:00.000000,2197.526
TIMEFRAME_M1,849113688,False,20,0,0,1537.62,1537.62,Chaos,Volatility 100 Index,TIMEFRAME_M2,0.5,103900594,100,100,8,False,2024-05-01 05:30:00.000000,1537.17
TIMEFRAME_M1,820415663,False,20,0,0,214220.04,214271.58,Chaos,Volatility 75 Index,TIMEFRAME_M2,0.001,162773351,100,100,8,False,2024-05-01 05:30:00.000000,214220.04
TIMEFRAME_M1,877115337,False,20,0,0,214271.58,214271.58,Chaos,Volatility 75 Index,TIMEFRAME_M2,0.001,165272149,100,100,8,False,2024-05-01 05:30:00.000000,214220.04
TIMEFRAME_M1,834090593,False,20,0,0,2197.678,2197.678,Chaos,Volatility 25 Index,TIMEFRAME_M2,0.5,133690874,100,100,8,False,2024-05-01 05:30:00.000000,2197.526
TIMEFRAME_M1,874427351,False,20,0,0,6265.051,6265.225,Chaos,Volatility 10 Index,TIMEFRAME_M2,0.5,196946228,100,100,8,False,2024-05-01 05:30:00.000000,6265.051
TIMEFRAME_M1,808936638,False,20,0,0,1537.62,1537.62,Chaos,Volatility 100 Index,TIMEFRAME_M2,0.5,174917416,100,100,8,False,2024-05-01 05:30:00.000000,1537.17
TIMEFRAME_M1,857087414,False,20,0,0,214635.36,214686.9,Chaos,Volatility 75 Index,TIMEFRAME_M2,0.001,191119127,100,100,8,False,2024-05-01 05:35:00.000000,214635.36
TIMEFRAME_M1,800402563,False,20,0,0,1537.14,1537.59,Chaos,Volatility 100 Index,TIMEFRAME_M2,0.5,150045311,100,100,8,False,2024-05-01 05:35:00.000000,1537.14
TIMEFRAME_M1,894996935,False,20,0,0,6264.765,6264.765,Chaos,Volatility 10 Index,TIMEFRAME_M2,0.5,142705693,100,100,8,False,2024-05-01 05:35:00.000000,6264.591
TIMEFRAME_M1,862937386,False,20,0,0,2199.022,2199.022,Chaos,Volatility 25 Index,TIMEFRAME_M2,0.5,171688140,100,100,8,False,2024-05-01 05:35:00.000000,2198.87
TIMEFRAME_M1,837022144,False,20,0,0,214382.59,214434.13,Chaos,Volatility 75 Index,TIMEFRAME_M2,0.001,167851968,100,100,8,False,2024-05-01 05:40:00.000000,214382.59
TIMEFRAME_M1,884898037,False,20,0,0,2199.349,2199.501,Chaos,Volatility 25 Index,TIMEFRAME_M2,0.5,153171098,100,100,8,False,2024-05-01 05:40:00.000000,2199.349
TIMEFRAME_M1,892705783,False,20,0,0,6266.637,6266.811,Chaos,Volatility 10 Index,TIMEFRAME_M2,0.5,175456491,100,100,8,False,2024-05-01 05:40:00.000000,6266.637
TIMEFRAME_M1,873932950,False,20,0,0,1532.75,1533.2,Chaos,Volatility 100 Index,TIMEFRAME_M2,0.5,141983081,100,100,8,False,2024-05-01 05:40:00.000000,1532.75
TIMEFRAME_M1,897708308,False,20,0,0,6266.637,6266.811,Chaos,Volatility 10 Index,TIMEFRAME_M2,0.5,184672307,100,100,8,False,2024-05-01 05:40:00.000000,6266.637
TIMEFRAME_M1,864942885,False,20,0,0,2199.501,2199.501,Chaos,Volatility 25 Index,TIMEFRAME_M2,0.5,191884250,100,100,8,False,2024-05-01 05:40:00.000000,2199.349
TIMEFRAME_M1,825082643,False,20,0,0,1532.75,1533.2,Chaos,Volatility 100 Index,TIMEFRAME_M2,0.5,134591417,100,100,8,False,2024-05-01 05:40:00.000000,1532.75
TIMEFRAME_M1,851021505,False,20,0,0,214434.13,214434.13,Chaos,Volatility 75 Index,TIMEFRAME_M2,0.001,178756609,100,100,8,False,2024-05-01 05:40:00.000000,214382.59
TIMEFRAME_M1,892558276,False,20,0,0,1536.77,1536.77,Chaos,Volatility 100 Index,TIMEFRAME_M2,0.5,107853230,100,100,8,False,2024-05-01 05:45:00.000000,1536.32
TIMEFRAME_M1,850365851,False,20,0,0,6263.382,6263.382,Chaos,Volatility 10 Index,TIMEFRAME_M2,0.5,139971403,100,100,8,False,2024-05-01 05:45:00.000000,6263.208
TIMEFRAME_M1,894265592,False,20,0,0,213826.17,213826.17,Chaos,Volatility 75 Index,TIMEFRAME_M2,0.001,135472113,100,100,8,False,2024-05-01 05:45:00.000000,213774.63
TIMEFRAME_M1,854207635,False,20,0,0,2200.353,2200.353,Chaos,Volatility 25 Index,TIMEFRAME_M2,0.5,107970182,100,100,8,False,2024-05-01 05:45:00.000000,2200.201
TIMEFRAME_M1,864094673,False,20,0,0,2199.054,2199.054,Chaos,Volatility 25 Index,TIMEFRAME_M2,0.5,194251085,100,100,8,False,2024-05-01 05:50:00.000000,2198.902
TIMEFRAME_M1,869461827,False,20,0,0,6262.14,6262.314,Chaos,Volatility 10 Index,TIMEFRAME_M2,0.5,181791864,100,100,8,False,2024-05-01 05:50:00.000000,6262.14
TIMEFRAME_M1,865092948,False,20,0,0,214145.92,214197.46,Chaos,Volatility 75 Index,TIMEFRAME_M2,0.001,174246117,100,100,8,False,2024-05-01 05:50:00.000000,214145.92
TIMEFRAME_M1,852624094,False,20,0,0,1545.66,1545.66,Chaos,Volatility 100 Index,TIMEFRAME_M2,0.5,195039240,100,100,8,False,2024-05-01 05:50:00.000000,1545.21
TIMEFRAME_M1,830534181,False,20,0,0,214145.92,214197.46,Chaos,Volatility 75 Index,TIMEFRAME_M2,0.001,109942018,100,100,8,False,2024-05-01 05:50:00.000000,214145.92
TIMEFRAME_M1,800936860,False,20,0,0,1545.66,1545.66,Chaos,Volatility 100 Index,TIMEFRAME_M2,0.5,198409109,100,100,8,False,2024-05-01 05:50:00.000000,1545.21
TIMEFRAME_M1,872706358,False,20,0,0,2199.054,2199.054,Chaos,Volatility 25 Index,TIMEFRAME_M2,0.5,126160311,100,100,8,False,2024-05-01 05:55:00.000000,2198.902
TIMEFRAME_M1,872332022,False,20,0,0,6262.314,6262.314,Chaos,Volatility 10 Index,TIMEFRAME_M2,0.5,139901287,100,100,8,False,2024-05-01 05:55:00.000000,6262.14
TIMEFRAME_M1,886192426,False,20,0,0,1542.73,1542.73,Chaos,Volatility 100 Index,TIMEFRAME_M2,0.5,164448282,100,100,8,False,2024-05-01 05:55:00.000000,1542.28
TIMEFRAME_M1,834923135,False,20,0,0,213632.82,213632.82,Chaos,Volatility 75 Index,TIMEFRAME_M2,0.001,112636617,100,100,8,False,2024-05-01 05:55:00.000000,213581.28
TIMEFRAME_M1,870604088,False,20,0,0,212968.89,213020.43,Chaos,Volatility 75 Index,TIMEFRAME_M2,0.001,113955536,100,100,8,False,2024-05-01 06:00:00.000000,212968.89
TIMEFRAME_M1,886127892,False,20,0,0,6260.134,6260.308,Chaos,Volatility 10 Index,TIMEFRAME_M2,0.5,102748906,100,100,8,False,2024-05-01 06:00:00.000000,6260.134
TIMEFRAME_M1,805836961,False,20,0,0,1551.9,1551.9,Chaos,Volatility 100 Index,TIMEFRAME_M2,0.5,135848963,100,100,8,False,2024-05-01 06:00:00.000000,1551.45
TIMEFRAME_M1,818917143,False,20,0,0,2197.052,2197.204,Chaos,Volatility 25 Index,TIMEFRAME_M2,0.5,174717065,100,100,8,False,2024-05-01 06:00:00.000000,2197.052
TIMEFRAME_M1,849689991,False,20,0,0,6260.134,6260.308,Chaos,Volatility 10 Index,TIMEFRAME_M2,0.5,199749699,100,100,8,False,2024-05-01 06:00:00.000000,6260.134
TIMEFRAME_M1,854437912,False,20,0,0,213020.43,213020.43,Chaos,Volatility 75 Index,TIMEFRAME_M2,0.001,116564940,100,100,8,False,2024-05-01 06:00:00.000000,212968.89
TIMEFRAME_M1,822945220,False,20,0,0,1551.9,1551.9,Chaos,Volatility 100 Index,TIMEFRAME_M2,0.5,186521446,100,100,8,False,2024-05-01 06:00:00.000000,1551.45
TIMEFRAME_M1,847494888,False,20,0,0,2197.052,2197.204,Chaos,Volatility 25 Index,TIMEFRAME_M2,0.5,140423662,100,100,8,False,2024-05-01 06:00:00.000000,2197.052
TIMEFRAME_M1,853578364,False,20,0,0,213020.43,213020.43,Chaos,Volatility 75 Index,TIMEFRAME_M2,0.001,139757288,100,100,8,False,2024-05-01 06:00:00.000000,212968.89
TIMEFRAME_M1,816839311,False,20,0,0,2197.052,2197.204,Chaos,Volatility 25 Index,TIMEFRAME_M2,0.5,124839364,100,100,8,False,2024-05-01 06:00:00.000000,2197.052
TIMEFRAME_M1,890821589,False,20,0,0,1551.9,1551.9,Chaos,Volatility 100 Index,TIMEFRAME_M2,0.5,186595522,100,100,8,False,2024-05-01 06:00:00.000000,1551.45
TIMEFRAME_M1,833249846,False,20,0,0,6260.308,6260.308,Chaos,Volatility 10 Index,TIMEFRAME_M2,0.5,113890739,100,100,8,False,2024-05-01 06:00:00.000000,6260.134
TIMEFRAME_M1,854896764,False,20,0,0,6260.134,6260.308,Chaos,Volatility 10 Index,TIMEFRAME_M2,0.5,173794697,100,100,8,False,2024-05-01 06:00:00.000000,6260.134
TIMEFRAME_M1,819313914,False,20,0,0,213020.43,213020.43,Chaos,Volatility 75 Index,TIMEFRAME_M2,0.001,144234828,100,100,8,False,2024-05-01 06:00:00.000000,212968.89
TIMEFRAME_M1,835509530,False,20,0,0,1551.45,1551.9,Chaos,Volatility 100 Index,TIMEFRAME_M2,0.5,136859877,100,100,8,False,2024-05-01 06:00:00.000000,1551.45
TIMEFRAME_M1,834587800,False,20,0,0,2197.204,2197.204,Chaos,Volatility 25 Index,TIMEFRAME_M2,0.5,171159240,100,100,8,False,2024-05-01 06:00:00.000000,2197.052
TIMEFRAME_M1,811903982,False,20,0,0,6260.308,6260.308,Chaos,Volatility 10 Index,TIMEFRAME_M2,0.5,152978350,100,100,8,False,2024-05-01 06:00:00.000000,6260.134
TIMEFRAME_M1,806564812,False,20,0,0,1551.9,1551.9,Chaos,Volatility 100 Index,TIMEFRAME_M2,0.5,115641076,100,100,8,False,2024-05-01 06:00:00.000000,1551.45
TIMEFRAME_M1,886177956,False,20,0,0,2197.204,2197.204,Chaos,Volatility 25 Index,TIMEFRAME_M2,0.5,125649441,100,100,8,False,2024-05-01 06:00:00.000000,2197.052
TIMEFRAME_M1,806666420,False,20,0,0,212968.89,213020.43,Chaos,Volatility 75 Index,TIMEFRAME_M2,0.001,130254041,100,100,8,False,2024-05-01 06:00:00.000000,212968.89
TIMEFRAME_M1,888101195,False,20,0,0,212865.2,212865.2,Chaos,Volatility 75 Index,TIMEFRAME_M2,0.001,154037803,100,100,8,False,2024-05-01 06:05:00.000000,212813.66
TIMEFRAME_M1,812323607,False,20,0,0,6257.749,6257.749,Chaos,Volatility 10 Index,TIMEFRAME_M2,0.5,169502509,100,100,8,False,2024-05-01 06:05:00.000000,6257.575
TIMEFRAME_M1,859538461,False,20,0,0,1550.69,1551.14,Chaos,Volatility 100 Index,TIMEFRAME_M2,0.5,154084616,100,100,8,False,2024-05-01 06:05:00.000000,1550.69
TIMEFRAME_M1,821353761,False,20,0,0,2196.283,2196.435,Chaos,Volatility 25 Index,TIMEFRAME_M2,0.5,164088168,100,100,8,False,2024-05-01 06:05:00.000000,2196.283
